Occurred,City,State,Country,Shape,Summary,Link
05/15/2024 02:20,Mazatlán,Sinaloa,Mexico,Light,Lights dropping from very high altitude and then heading south. Different locations and at differing interludes.,https://nuforc.org/sighting/?id=181515
05/12/2024 20:58,Los Médanos,Baja California,Mexico,Cylinder,"We observed a very large (500-1500 ft long), dark, unlit, flying object flying below 10,000 ft down the Chico valley.",https://nuforc.org/sighting/?id=181495
05/09/2024 21:38,San José del Cabo,Baja California Sur,Mexico,Triangle,"We saw a triangular/round bright light in the sky moving quickly, it then completely disappeared even though the sky had no clouds.",https://nuforc.org/sighting/?id=181446
02/26/2024 19:40,Ciudad de México,Ciudad de México,Mexico,Orb,I was walking down the street coming to my home when i stoped to see the stars when I saw an Orange orb,https://nuforc.org/sighting/?id=180712
12/28/2023 20:49,Acapulco de Juárez,Guerrero,Mexico,Circle,Maybe drone or maybe ufo,https://nuforc.org/sighting/?id=179884
12/03/2023 20:25,San Cristobal de las Casas,Chiapas,Mexico,Diamond,Object floated slowly over a radio tower that was decorated with X-Mas lights. It did not blinlk. Too big to be a.drone.,https://nuforc.org/sighting/?id=179573
11/28/2023 00:30,,Yucatan,Mexico,Diamond,Went to room to sit on balcony and spotted bright light moving very fast,https://nuforc.org/sighting/?id=180078
11/01/2023 21:30,Tlaxcalancingo,Puebla,Mexico,Orb,Orb moving at high speed and performing unconventional maneuvers in an area that is not an air traffic zone,https://nuforc.org/sighting/?id=181099
10/12/2023 20:55,Cancun,Quintana Roo,Mexico,Orb,We saw Orb during our vacation in Cancun from our hotel lobby.,https://nuforc.org/sighting/?id=178993
10/12/2023 20:55,Cancún,Quintana Roo,Mexico,Orb,Saw an orb from the balcony of Cancun hotel,https://nuforc.org/sighting/?id=179903
09/17/2023 21:51,Monterrey,Nuevo León,Mexico,Orb,"4 lights on the sky moving, faster and lower than a plane. Static biggest light it's a radio antena on a mountain",https://nuforc.org/sighting/?id=179119
08/25/2023 11:25,El Higo,Veracruz,Mexico,Formation,"A series of light orbits (6 flashes) crossed the night sky, from one horizon to the other.",https://nuforc.org/sighting/?id=179128
07/30/2023 20:49,Riviera Maya,Quintana Roo,Mexico,Unknown,UAP with lights of object bobbing back and forth over ocean in sky,https://nuforc.org/sighting/?id=177223
07/23/2023 18:08,Mahahual,Quintana Roo,Mexico,Rectangle,"witnessed 3 physical 8-10 foot rectangular objects which defied known physics, and one invisible or replay on the 3rd object",https://nuforc.org/sighting/?id=177283
06/04/2023 18:30,Rosarito,Baja California,Mexico,Orb,"A photo taken just before sunset revealed glowing green orb, illuminating cloud and ocean",https://nuforc.org/sighting/?id=177638
05/09/2023 21:38,Tecate ?,Baja California,Mexico,Light,Dancing Lights,https://nuforc.org/sighting/?id=175723
03/04/2023 21:44,Cancun,Quintana Roo,Mexico,Star,"South south west of Orion, between Sirius and 1 hand of Orion",https://nuforc.org/sighting/?id=174875
02/27/2023 19:54,San Miguel de Cozumel,Quintana Roo,Mexico,Sphere,"Light approached Cozumel at ~ 15,000ft. No sound. Stopped and hovered above for ~ 5 seconds and then shot off and vanished within secon",https://nuforc.org/sighting/?id=174741
02/20/2023 19:20,Oaxaca,Oaxaca,Mexico,Disk,Photo captured unseen potential UAP.,https://nuforc.org/sighting/?id=174725
02/07/2023 22:00,Cancun,Quintana Roo,Mexico,Other,Round metallic ball UFO,https://nuforc.org/sighting/?id=174527
02/02/2023 18:36,Mérida,Yucatán,Mexico,Sphere,"Luminous sphere with photon cloud in front, emitting light from the center out of its wings as if it were a holographic light and flash",https://nuforc.org/sighting/?id=174740
11/14/2022 00:48,Puerto Vallarta,,Mexico,Light,Slow moving comet like,https://nuforc.org/sighting/?id=172985
11/04/2022 09:15,,,Mexico,Cylinder,I found it later on my phone,https://nuforc.org/sighting/?id=173240
11/03/2022 19:22,Madera,Chihuahua,Mexico,Fireball,Craft With Huge Tail Drops Tail and Travels Up and Away,https://nuforc.org/sighting/?id=172656
08/29/2022 06:15,Cancun,,Mexico,Light,Bright object in the sky,https://nuforc.org/sighting/?id=171528
08/09/2022 03:30,Tijuana,Baja California,Mexico,Light,Green blue propulsion with sharp banking manuever,https://nuforc.org/sighting/?id=171018
08/01/2022 22:50,Cocoyoc,Morelos,Mexico,Circle,Circular object with a cloud like formation around the light no sound and very fast.,https://nuforc.org/sighting/?id=170848
07/08/2022 12:14,Merida,Yucatán,Mexico,Disk,I was on vacation in Mexico and I took my BeReal picture and I later noticed the UFO in the background.,https://nuforc.org/sighting/?id=172575
06/05/2022 21:54,Cabo San Lucas,,Mexico,Formation,UFO siting appeared while taking pictures of the scenery from rooftop of hotel,https://nuforc.org/sighting/?id=168565
05/08/2022 21:20,Tulum,Yucatán,Mexico,Star,"Small dot of light, looked like a satellite, moving in straight line. Then, sudden change of direction, significant change of speed.",https://nuforc.org/sighting/?id=167788
04/19/2022 22:30,Cancun,Quintana Roo,Mexico,Star,"Looking at stars, we noticed a shooting star moving in an unnatural way.",https://nuforc.org/sighting/?id=167543
04/07/2022 21:49,,,Mexico,Light,One solid light and one blinking light moving separately very erratically.,https://nuforc.org/sighting/?id=167420
03/12/2022 23:35,"Oaxtepec, Morelos, Mexico",Morelos,Mexico,Other,At least six lights locked together like attached to a dark hidden object moving slowly from north to south between two large t,https://nuforc.org/sighting/?id=170789
02/23/2022 14:00,N/A - Pacific Ocean west of Guadalupe Island,,Mexico,Sphere,I was doing a random search on Zoom Earth over the Pacific Ocean and found this image at the surface. See link.,https://nuforc.org/sighting/?id=166872
01/20/2022 18:00,Huejotzingo,Puebla,Mexico,Cigar,I was driving at 6pm from the airport and I spotted TWO cigar shapes near the volcano.,https://nuforc.org/sighting/?id=168579
12/31/2021 22:00,Cuautla,Morelos,Mexico,,Typical UFO right above my head about 20 meters stopped then started slowly rising and later disappeared into the horizon,https://nuforc.org/sighting/?id=170787
12/24/2021 12:43,Mexico City,Mexico City,Mexico,Disk,Saw a possible ufo flying high on top of the temple on Xmas eve.,https://nuforc.org/sighting/?id=166195
12/15/2021 11:30,Cabo San Lucas,,Mexico,Light,"Saw bright moving objects in mid day sun, clear sky over ocean. One sped across the other super-fast. The 2nd came across sky, turned s",https://nuforc.org/sighting/?id=165880
12/06/2021 20:30,Oaxaca City (Mexico),Oaxaca,Mexico,Light,"Light descended toward steep mountains then blinked out. Later, same one, or different, went horizontally and blinked out.",https://nuforc.org/sighting/?id=165757
12/06/2021 20:00,Oaxaca City (Mexico),Oaxaca,Mexico,Light,Two bright objects that defied normal aircraft behavior.,https://nuforc.org/sighting/?id=165746
11/21/2021 19:00,Madero (Mexico),Tamaulipas,Mexico,,cluster of about 18 lights,https://nuforc.org/sighting/?id=165524
10/28/2021 20:00,Oaxaca City (Mexico),,Mexico,Chevron,Dimply Lit Chevron Over Oaxaca. ((NUFORC Note:  We have corrected the date.  PD)),https://nuforc.org/sighting/?id=165152
10/28/2021 20:00,Oaxaca City (Mexico),,Mexico,Chevron,Dimly Lit Chevron Over Oaxaca. ((NUFORC Note:  Wee have corrected the date.  PD)),https://nuforc.org/sighting/?id=165153
05/28/2021 04:00,San Agustinillo,Oaxaca,Mexico,Light,"A light appearing in the sea, splitting into few lights and going in and out of the water, no sound",https://nuforc.org/sighting/?id=178537
03/17/2021 11:00,EK Balam (Yucatan)(Mexico),,Mexico,Sphere,"We took this picture of my family sitting on the top of a Mayan pyramid at Ek Balam, MX and later noticed the UFO above my son's head h",https://nuforc.org/sighting/?id=162539
03/01/2021 17:43,Rosarito)(Baja)(Mexico),OH,Mexico,Other,Kite looking hexagram above Rosarito Beach.,https://nuforc.org/sighting/?id=162323
02/28/2021 21:50,Monterrey (Mexico),,Mexico,Changing,"I was putting my clothes to dry, when i noticed something floating but moving slowly in the sky , floating realtively close to the hous",https://nuforc.org/sighting/?id=162247
01/24/2021 09:00,Mazatlan (Mexico),,Mexico,Sphere,I noticed a perfectly round ball traveling southbound on 1/24/21 at appt 9:00 a.m. in Mazatlan Mexico.  I thought it was a balloon at f,https://nuforc.org/sighting/?id=161740
01/02/2021 09:30,Cabo San Lucas (Baja)(Mexico),,Mexico,Unknown,((NUFORC Note:  Witness does not provide any detailed information.  PD)),https://nuforc.org/sighting/?id=161414
12/04/2020 16:00,"Municipal of Puerto Morelos,",,Mexico,Sphere,saw 2 translucent/white objects moving quickly in sky,https://nuforc.org/sighting/?id=161061
12/02/2020 19:00,mexico,,mexico,Sphere,"is still live on webcams de mexico or quantum noticias, it has been ther for more than 24hrs, it was impresive at dawn!!!! https://www.",https://nuforc.org/sighting/?id=160942
10/26/2020 04:17,Puerto Vallarta,YT,Mexico,Changing,A cluster of oval shape objects lit up but change shape in videos or pics.,https://nuforc.org/sighting/?id=161226
09/30/2020 19:25,Salinas Victoria (Mexico),,Mexico,Other,"An object in the shape of a crescent moon was observed at high altitude and speed, white as moonlight, with the circular part towards t",https://nuforc.org/sighting/?id=159626
09/19/2020 00:26,Tulum (Mexico),,Mexico,Circle,Fireball Cylinder Shaped Craft over Tulum.  Sspotted from Cozumel.,https://nuforc.org/sighting/?id=159478
07/08/2020 23:10,Tulum,Quintana Roo,Mexico,Light,What appeared to be a star high in the sky came shooting down and hovered about 50 to 60 feet above me for about 30 seconds,https://nuforc.org/sighting/?id=180648
06/13/2020 23:00,Mexico City (México),,Mexico,Other,Group of stationary objects/lights hovering over the outskirts of the city at height of maybe 1-3 kilometers,https://nuforc.org/sighting/?id=157033
04/23/2020 21:30,Nuevo Vallarta (Mexico),,Mexico,Other,"I saw a kind of star moving from left to the right with a tail of mini stars, it flay to the sky and disappeared. Maybe a meteorite or",https://nuforc.org/sighting/?id=155720
02/15/2020 19:50,Rosarito (Baja)(Mexico),,Mexico,Light,Look like  small Moon over water,https://nuforc.org/sighting/?id=153330
02/01/2020 00:30,Progrresso (Yucatan)(Mexico),,Mexico,Light,"Moving lights over Progresso, Yucatan Mexico.  Multiple whitnesses",https://nuforc.org/sighting/?id=153029
09/29/2019 19:35,Tijuana (Mexico),,Mexico,Other,My remote started  glowing (again) and continued to do so after I took out the batteries.(again)  I noticed it after my dog got up off,https://nuforc.org/sighting/?id=149327
08/30/2019 22:00,Puerto Penasco (Rocky Point)(Mexico),,Mexico,Sphere,"V-Shaped & Sphere Crafts observed in Rocky Point, Mexico",https://nuforc.org/sighting/?id=148676
07/08/2019 11:45,Quinta Roo,,Mexico,Circle,Wife and I on vacation in canacun,https://nuforc.org/sighting/?id=171661
05/26/2019 21:00,Uruapan (Mexico),,Mexico,Fireball,"Uruapan, Michoacan Mexico a Ex-Agent from the Mexican Secret Service was contactated by the local authorities to help in the investigat",https://nuforc.org/sighting/?id=146429
05/26/2019 19:30,Puerto Penasco (Mexico),,Mexico,Light,On the beach SE of Puerto Penasco (Rocky Point).  Noticed a string of lights numbering 20+ moving.  ((NUFORC Note:  Satellites.  PD)),https://nuforc.org/sighting/?id=146389
01/08/2019 21:30,Mazatlan (Mexico),,Mexico,Circle,We were sitting at the beach and looked up to see a ufo flying over us. It was circular and had two smaller circular ones that kept cha,https://nuforc.org/sighting/?id=145434
08/29/2018 20:19,Ensenada (?) (Baja Norte)(Mexico),,Mexico,Light,Multi-witness sighting of multiple nearly static glowing objects in the night sky at the Pacific coastline on 08-29-2018.,https://nuforc.org/sighting/?id=142923
08/27/2018 11:00,Guanajuato (Mexico),CO,Mexico,Diamond,"Estaba en un parque eran aproximadamente las cuatro de la mañana venia de una fiesta volteamos nos sorprendió ver una nave ,muchos dic",https://nuforc.org/sighting/?id=143012
04/20/2018 06:30,Puerto Vallarta (Mexico),,Mexico,Light,Large white light speeds over Puerto Vallarta,https://nuforc.org/sighting/?id=139535
01/25/2018 18:30,Chilpancingo (Mexico),,Mexico,Sphere,UFO Spherical Very Bright (Semi-transparent) like a planet NO Aircraft or Naval Bases in the vicinity.,https://nuforc.org/sighting/?id=138618
12/12/2017 00:00,Rosarito Beach (Baja; Mexico),,Mexico,Circle,Between 8-9 pm I saw 7 bright yellow lights a distance between each one over the ocean approx 10 miles out and sitting low in the sky.,https://nuforc.org/sighting/?id=137739
11/13/2017 05:40,Ixtapaluca (Mexico),,Mexico,Flash,"Después de llevar a mi hermana a tomar su transporte para ir al trabajo volví a mi casa en mi moto, posteriormente baje de ella para ab",https://nuforc.org/sighting/?id=137236
10/19/2017 20:10,Riviera Mya (Mexico),,Mexico,Fireball,From right to left. Imagine a large aircraft actually breaking up with green lights breaking off like a fire work. Seconds more than mi,https://nuforc.org/sighting/?id=149912
09/22/2017 04:30,Tijuana (Mexico),,Mexico,Light,BRIGHT LIGHT OVER TJ SUBURVS.,https://nuforc.org/sighting/?id=136301
09/20/2017 14:00,Mexico City (Mexico),,Mexico,Circle,Not seen with naked eye.,https://nuforc.org/sighting/?id=136402
08/15/2017 16:00,Metzitlan (vicinity of)(Hidalgo)(Mexico),,Mexico,Rectangle,"Single glowing object observed sometime in late afternoon. As I recall, it was not moving. Took a picture. When enlarged it is rectangu",https://nuforc.org/sighting/?id=135844
02/05/2017 22:30,Rivera Maya,NM,Mexico,Light,Bright Red Circle in the Sky making Rationous Moves,https://nuforc.org/sighting/?id=132472
12/25/2016 00:15,Salinas Victoria,,Mexico,Sphere,Orange light and star-like flashes in Salinas Victoria Nuevo Leon Mexico.,https://nuforc.org/sighting/?id=131885
10/02/2016 00:00,Mexico,,Mexico,,i was watching a webcam from Mexico on the Colima volcano..you get a new frame every 30 sec or so and all of a sudden there was a UFO a,https://nuforc.org/sighting/?id=130398
07/27/2016 03:33,Puebla (Mexico),,Mexico,Other,Big objects almost rectangular.,https://nuforc.org/sighting/?id=128886
07/10/2016 19:00,Ensenada (Baja; Mexico),,Mexico,Orb,Flashing light then sphere comes close floats in the air at pretty close range then disappears like a dimming light 6 people there.,https://nuforc.org/sighting/?id=128496
02/11/2016 22:00,Lo de Marcos (Mexico),,Mexico,Light,Two bright orange light that appeared in the sky over the Pacific Ocean . Disappears for 1min and reappear in a parallel allagment and,https://nuforc.org/sighting/?id=125799
01/03/2016 03:25,Playa del Carmen (Mexico),,Mexico,Disk,Bright dish with strong lights hovering over Cozumel Island.,https://nuforc.org/sighting/?id=125110
12/20/2015 22:00,Sabinas Hidalgo (Mexico),,Mexico,Circle,I saw a big red circle along wih my family members there had been reports of them on the news in monterrey mexico and this one was kind,https://nuforc.org/sighting/?id=129305
07/29/2015 13:30,Chula Vista,CA,Mexico,Disk,Silver disc object over Mexican airspace,https://nuforc.org/sighting/?id=120708
07/24/2015 23:00,Ensenada (Mexico),,Mexico,Light,A green light or craft that hovered for about one minute and then shot straight up into the sky.  Have pictures.,https://nuforc.org/sighting/?id=120643
07/02/2015 00:30,Bay of Campeche (Mexico),,Mexico,Fireball,4 orange stripes in the sky.,https://nuforc.org/sighting/?id=119955
05/27/2015 13:42,Yucatan (Mexico),,Mexico,Sphere,Dark sphere traveling fast over the countryside road.,https://nuforc.org/sighting/?id=120545
03/09/2015 21:00,Quintana Roo-Playa del Carmen (Mexico),,Mexico,Triangle,It was absolute in its deisgn and movement-purpose. My daughter and I will never forget that evening!,https://nuforc.org/sighting/?id=117876
01/17/2015 22:00,Los Altos (Mexico),,Mexico,Cigar,My daughters and i were coming home about 10pm.  We started opening our gate when we looked up in the sky and saw a orange light.,https://nuforc.org/sighting/?id=116769
01/10/2015 13:00,Mexico (volcano),,Mexico,Disk,Stationary disc watches Mexican volcano erupting!!,https://nuforc.org/sighting/?id=116623
01/08/2015 23:13,Cancun (Mexico),,Mexico,Orb,"I took  these pictures on my iPad, I was only taking the moon at the time, but next day saw these on the picture. 2 long cylindrical sh",https://nuforc.org/sighting/?id=116947
12/31/2014 23:30,San Jose del Cabo (Baja California)(Mexico),,Mexico,Triangle,Two triangular lights over San Jose del Cabo New Year's eve.  I was not drinking.,https://nuforc.org/sighting/?id=116389
12/30/2014 03:00,Acapulco (Mexico),,Mexico,Circle,"Large, bright circle seen descending quickly near the horizon.",https://nuforc.org/sighting/?id=116989
12/25/2014 00:00,Cabo San Lucas (Baja California)(Mexico),,Mexico,Teardrop,Cabo San Lucas Christmas lights.,https://nuforc.org/sighting/?id=116322
11/10/2014 17:30,Cozumel (Mexico),,Mexico,Orb,Green orb with 5 white dots.,https://nuforc.org/sighting/?id=115327
10/25/2014 11:10,Tijuana (Mexico),,Mexico,Light,I saw about 7 starlike objects at 11 am. Very static. One of them was orangeish. One of them moved at a very slow velocity.,https://nuforc.org/sighting/?id=114801
07/22/2014 12:45,Ensenada (Mexico),,Mexico,Flash,"First, I'd like to explain why I put ""N/A"" for number of witnesses.  My family and I were on vacation in Ensenada, Mexico.",https://nuforc.org/sighting/?id=111960
06/19/2014 04:00,Puerto Aventuras and Tulum (Mexico),,Mexico,Disk,"Encounter with grey followed by picture of UFO same day in Tulum, Mexico",https://nuforc.org/sighting/?id=119998
04/19/2014 20:00,San Jose (Mexico),,Mexico,Other,Bright object approached from south and changed color and sped away.  Repeated 4 x in one hour.,https://nuforc.org/sighting/?id=108831
04/05/2014 21:00,Mexico City (Mexico),,Mexico,Triangle,"Photo texted to me by a female friend who lives here in Oakbrook, Illinois and her brother lives in Mexico.",https://nuforc.org/sighting/?id=108875
,,,,,,https://nuforc.org/sighting/?id=107943
03/18/2014 19:30,Playa del Carmen (Yucatan)(Mexico),,Mexico,Other,3 bird like crafts seen at night.,https://nuforc.org/sighting/?id=107855
03/13/2014 04:00,Ensenada (Baja California)(Mexico),,Mexico,Light,"Static light over the city, it was lowering and raising its brightness intensity.  ((NUFORC Note:  Possible sighting of Venus?  PD))",https://nuforc.org/sighting/?id=107630
02/20/2014 20:00,Queretaro (Mexico),,Mexico,Oval,"Very smooth, arched flight path.",https://nuforc.org/sighting/?id=106684
01/24/2014 02:00,Mexico,,Mexico,Orb,"On 1/24/14, early am, 10 large orange orbs moved east  towards the Caribbean Sea over the Yucatan.",https://nuforc.org/sighting/?id=106284
12/24/2013 21:30,Tijuana (Mexico),,Mexico,Triangle,Huge triangle shaped craft over Tijuana.,https://nuforc.org/sighting/?id=105704
12/24/2013 21:30,Monterrey (Mexico),,Mexico,Fireball,Red and Yellow Flashing Object Moving Very slowly and Some other 4 with the same Shape Flying like in Formation,https://nuforc.org/sighting/?id=105110
12/06/2013 12:10,Puerto Vallarta (Mexico),,Mexico,Unknown,"Short vapor trail seen at very very high altitude over Puerto Vallarta, flying S to N at 12:10 PM..",https://nuforc.org/sighting/?id=104683
11/22/2013 19:30,Quintana Roo (Secrets Capri) (Mexico),,Mexico,Formation,"Our first night in Cancun, we randomly ended up having dinner outside.  My wife (completely not a UFO believer) happened to notice some",https://nuforc.org/sighting/?id=104300
11/09/2013 18:45,Tijuana (Mexico),,Mexico,Light,"Red/orange bright lights around 10, moving very slowly starting a formation.",https://nuforc.org/sighting/?id=106774
10/25/2013 11:11,Mexico City (Mexico),,Mexico,Cross,"Metalic objet in Mexico city.  ((NUFORC Note:  Photos show tiny, blurry, dark objects.  PD))",https://nuforc.org/sighting/?id=100055
07/12/2013 23:00,Cabo San Lucas,,Mexico,Other,"((HOAX??))  The sky is very clear filled with an array of stars.  There is a yellowish, slightly reddish starlike object flashing.",https://nuforc.org/sighting/?id=117826
05/01/2013 21:00,Puerto Vallarta (Mexico),,Mexico,,Missing 2.15 hours with my Aunt while in Mexico ...both of us have no idea,https://nuforc.org/sighting/?id=97261
04/20/2013 18:15,Cabo san Lucas (Mexico),,Mexico,Other,11 +/- white 'dots' around the rising moon in Cabo,https://nuforc.org/sighting/?id=97181
04/15/2013 20:00,Mecapalapa (Mexico),,Mexico,Circle,Ocurrio como si nos estuvieran ovserbando dieron buelta sobre el poblado y se fueron pero despues cayeron como desteyos de luz pero era,https://nuforc.org/sighting/?id=96672
03/14/2013 09:09,Guadalajara (Mexico),,Mexico,Diamond,Black Pyramidal UFO hovering over a Guadalajara Mexico,https://nuforc.org/sighting/?id=96557
03/05/2013 20:00,San Jose del Cabo (Mexico),,Mexico,Light,Rectangular flash of light fly ¾ of the way across the sky.  It flew across the sky very fast and disappeared ¾ of the way from reachin,https://nuforc.org/sighting/?id=99032
03/01/2013 23:00,Tepic (Mexico),,Mexico,Light,Three orange lights moving and hovering in Mexico.,https://nuforc.org/sighting/?id=96250
02/07/2013 10:30,San Carlos (Mexico),,Mexico,Oval,"On the beach in Mexico I saw a flat oval shaped bright shiny UFO high in the sky which hovered, turned and disappeard after 90 seconds.",https://nuforc.org/sighting/?id=95937
01/13/2013 00:10,Monterrey (Mexico),,Mexico,Light,Red light approaching stopped his movement.,https://nuforc.org/sighting/?id=94764
11/21/2012 09:30,Popocatepetl Volcano (Mexico),,Mexico,Changing,Screen captures from remote web com on Popocatepetl Volcano.,https://nuforc.org/sighting/?id=92901
09/02/2012 01:20,Puerto Vallarta (Mexico),,Mexico,Disk,"Off the balcony of our hotel in Puerto Vallarta, Mexico, my fiancé and myself observed 4 bright orange lights.  Others appeared, too.",https://nuforc.org/sighting/?id=92080
08/22/2012 19:00,San Jose Del Cabo (Mexico),,Mexico,Light,3 UFO’s holding a triangular position adjacent to the moon for 2+ hours.,https://nuforc.org/sighting/?id=88029
03/20/2012 17:48,Puerto Vallarta (Mexico),,Mexico,Light,"There were two lights that were white and blue moving abnormally fast near the Sierra Madre Mountains in Puerto Vallarta, Jalisco, MX",https://nuforc.org/sighting/?id=87166
02/09/2012 23:45,Puerto Vallarta (Mexico),,Mexico,Other,"8 oranges lights with 3 dropping something into the ocean at Puerto Vallarta on 9  February 2012, at 23:00hrs.",https://nuforc.org/sighting/?id=87120
02/09/2012 19:50,Puerto Escondido (Mexico),,Mexico,Sphere,"A sphere, changing from orange to white, passed over my home at around 7:30-7:40 tonight. There was no sound, but it was traveling at a",https://nuforc.org/sighting/?id=86885
01/21/2012 20:00,Puerto Vallarta (Mexico),,Mexico,Light,"Orange light in sky, silent, moving slowly.",https://nuforc.org/sighting/?id=86499
01/05/2012 05:53,Mexico (offshore waters),,Mexico,Light,1 White Light that Looked Like Moving Star. 2nd White Light Same but disappeared a few seconds later.,https://nuforc.org/sighting/?id=86035
12/23/2011 22:15,Tijuana,CA,Mexico,Fireball,"Fireballs in Tijuana,Mexico s night sky  Dec 23 2011",https://nuforc.org/sighting/?id=85669
12/04/2011 06:25,Monterrey (Mexico),,Mexico,Light,An orange ball of light was faster than a plane or helicopter and disappeared,https://nuforc.org/sighting/?id=87855
11/29/2011 22:30,San Jose (Puerto Vallarta) (Mexico),,Mexico,Unknown,"UFO appeared, got fuzzy, disappeared, full moon appeared for few seconds then disappeared",https://nuforc.org/sighting/?id=85580
11/24/2011 22:00,Playa del Carmen,,Mexico,Light,"Three sets of three red-coral neon lights in line, ""following"" one another, from mainland crossing to Cozumel island, in México",https://nuforc.org/sighting/?id=84998
10/29/2011 23:40,Tijuana (Mexico),,Mexico,Sphere,fireball,https://nuforc.org/sighting/?id=84962
10/21/2011 22:30,San Jose del Cabo (Mexico),,Mexico,Light,"Flashing On and Off Star-Like light over San Jose del Cabo, Baja Sur, Mexico",https://nuforc.org/sighting/?id=84217
09/18/2011 22:30,Cabo San Lucas (Mexico),,Mexico,Other,Black flying object over Cabo San Lucas Hotel.  Had red lights coming from it from a distance.,https://nuforc.org/sighting/?id=83725
09/05/2011 04:00,Juxtlahuaca (Mexico),,Mexico,Oval,flying flourescent lighted object that change directions fast.,https://nuforc.org/sighting/?id=84260
08/15/2011 20:15,"Torreon, Coahuila (Mexico)",,Mexico,Cigar,2 cigar like objects,https://nuforc.org/sighting/?id=81872
06/21/2011 18:00,Mexico City (Mexico),,Mexico,Disk,"I was lying on the ground looking out the window at the sky and was listening to my iPod , suddenly I started hearing static on it and",https://nuforc.org/sighting/?id=80955
04/20/2011 20:00,Mexico (unknown),VA,Mexico,Unknown,Boomerang shaped UFO noticed in viral youtube video clip.  ((NUFORC Note:  Possible bird in hovering flight??  PD)),https://nuforc.org/sighting/?id=80611
03/26/2011 09:35,Punta Mita (Mexico),,Mexico,Formation,Punta Mita Mexico. 8 inverted wing shape lights criss crossing each other.Appeared  like white lit birds in the dark sky,https://nuforc.org/sighting/?id=80521
03/18/2011 23:47,Cabo San Lucas (Mexico),,Mexico,Unknown,"Regular appearing and disappearing blinking lights over Cabo San Lucas, Mexico",https://nuforc.org/sighting/?id=80412
03/09/2011 03:00,San Luis Potosi (Mexico),,Mexico,Other,Strange silent object hovering over my daughters bed,https://nuforc.org/sighting/?id=98709
01/13/2011 17:31,Sea of Cortez (Mexico),,Mexico,Cylinder,UFO possible satellite with booster rocket over Sea of Cortez in Mexico on 1/13/2011.,https://nuforc.org/sighting/?id=79594
11/15/2010 10:42,Tampico (Mexico),,Mexico,Disk,"UFO picture taken over the Tamesi River in Tampico, Mexico",https://nuforc.org/sighting/?id=78698
11/02/2010 18:50,Morelia (Mexico),,Mexico,Light,Strange lights in Morelia Mexico,https://nuforc.org/sighting/?id=78625
10/29/2010 20:20,Morelia (Mexico),,Mexico,Orb,Huge blue lights over Morelia Mexico,https://nuforc.org/sighting/?id=78628
10/29/2010 20:20,Morelia (Mexico),,Mexico,Light,"Amendment to prior form from Morelia, Mexico",https://nuforc.org/sighting/?id=78555
10/23/2010 18:00,Queretaro City (Mexico),,Mexico,,"published in a local diary ""diario de queretaro"", it says many people have seen UFO's in my city, The date of the newspaper is 10/25/20",https://nuforc.org/sighting/?id=76839
07/20/2010 15:30,Mexico DF (Mexico),,Mexico,Chevron,A small ovni in Mexicos Sky,https://nuforc.org/sighting/?id=76279
05/15/2010 12:00,Tulum (Mexico),,Mexico,Disk,You can clearly see a metallic disc craft in the top right corner of the photo above the mayan ruin. ((NUFORC Note:  Bird?  PD)),https://nuforc.org/sighting/?id=75342
05/07/2010 21:45,San Felipe (Baja California) (Mexico),,Mexico,Light,Huge Bright White Light Flash in Desert Baja Sky,https://nuforc.org/sighting/?id=77581
04/19/2010 01:30,Progresso (Yucatan) (Mexico),,Mexico,Triangle,2 large spacecrafts emitting 12+ spherical objects with incredible speed and agility.,https://nuforc.org/sighting/?id=74903
04/05/2010 19:00,Cancun (Mexico),,Mexico,Triangle,The object was glowing green and red. At times it went to just green and then white. Was usually green for the most part with red,https://nuforc.org/sighting/?id=74153
01/08/2010 18:45,Progreso (Mexico),,Mexico,,I was in the back yard next to the pool.  I live close to the ocean in a lonely place.  Sky was clear after a lot of rayni days.  I was,https://nuforc.org/sighting/?id=73955
01/01/2010 19:00,Jilotepec (Mexico),,Mexico,Diamond,AVISTAMIENTO DE OVNI SOBRE MEXICO.,https://nuforc.org/sighting/?id=71613
08/11/2009 20:36,Xalapa (Mexico),,Mexico,Other,Lighted circular craft flying over power plant in Mexico.,https://nuforc.org/sighting/?id=78630
05/15/2009 21:00,Puerto Vallarta (Mexico),,Mexico,Sphere,Huge Sphere over  Puerto Vallarta Mexico,https://nuforc.org/sighting/?id=69637
04/10/2009 11:00,Mexico City (Mexico),,Mexico,Sphere,The object was clearly flying over the Pyramids in Mexico City,https://nuforc.org/sighting/?id=69510
04/03/2009 11:20,Ensenada,,Mexico,Circle,"Walking along some hills east of Ensenada, Mexico with friends we saw three metalic balls at the top of a hill. At first we thought the",https://nuforc.org/sighting/?id=69331
03/15/2009 20:15,Cancun (Quintana Roo) (Mexico),,Mexico,Light,"While on vacation in Cancun Mexico we stayed in the hotel  zone. On Sunday night March 15, 2009 at approximately 8:15 p.m., we were sit",https://nuforc.org/sighting/?id=69395
03/14/2009 18:30,Cancun (Mexico),,Mexico,Cigar,"cigar-shaped orange emitting light over the beach in Cancun, Mexico",https://nuforc.org/sighting/?id=69190
03/13/2009 18:25,Northwest Baja (Mexico),,Mexico,Light,BRIGHTLIGHT MOVING NORTH NO TRAIL MOVED NORTH FOR 20MIN.THEN TURNED EAST FOR 10MIN. THEN FADED OUT OF SITE.......,https://nuforc.org/sighting/?id=69280
03/07/2009 19:50,Hermosillo (Mexico),,Mexico,Light,I have captured a strange light when I took a photo from the moon in N Mexico.  ((NUFORC Note:  Lens flare??  PD)),https://nuforc.org/sighting/?id=69411
01/01/2009 00:25,Puerto Escondido (Mexico),,Mexico,Sphere,Multiple Orange & Red Spheres Over Southern Mexico,https://nuforc.org/sighting/?id=67569
12/21/2008 11:30,Mexico,,Mexico,Sphere,Sphere with clear halo seen in Mexico City,https://nuforc.org/sighting/?id=67555
12/19/2008 22:25,"Mexicali, Baja California (Mexico)",,Mexico,Triangle,triangular shaped 3 lights incredible from north to south low to very high altitude aircraft event about 1 min. long.,https://nuforc.org/sighting/?id=102891
12/12/2008 00:00,Mexico-Edmonton (In flight),AB,Mexico,Light,Ball of light following plane for hours.,https://nuforc.org/sighting/?id=70412
10/25/2008 19:30,"San Jose Del Cabo (Baja, Mexico)",,Mexico,Fireball,Orange fiery shapes at just above sea level  travelling in southern direction toward Cabo San Lucas,https://nuforc.org/sighting/?id=66087
10/06/2008 20:00,Cuernavaca (Mexico),,Mexico,Flash,"Two star-like objects sighted in Cuernavaca, Mexico, one flashed and then both disappeared.",https://nuforc.org/sighting/?id=66036
09/30/2008 13:52,Tlaltenango (Mexico),,Mexico,Oval,"((HOAX))  UFO ON THE MIDDLE OF ZACATECAS, MEXICO",https://nuforc.org/sighting/?id=65488
08/31/2008 17:00,Cuernavaca (Mexico),,Mexico,Cylinder,Cane shaped object spinning slowly,https://nuforc.org/sighting/?id=65466
08/18/2008 21:00,East Cape (Mexico),,Mexico,Circle,3 Stars Move To Form Perfect Triangle Then Disappear,https://nuforc.org/sighting/?id=63294
04/09/2008 23:30,Playa del Carmen (Mexico),,Mexico,Circle,"ufo seen in playa del carmen, mexico",https://nuforc.org/sighting/?id=77431
03/08/2008 13:45,Guadalajara (Mexico),,Mexico,Other,"amorphous, floating balloon-like object in the sky",https://nuforc.org/sighting/?id=61600
02/09/2008 14:08,"San Carlos, Sonora (Mexico)",,Mexico,Oval,"UFO over San Carlos, Sonora, Mexico.  ((NUFORC Note:  Lens flares.  PD))",https://nuforc.org/sighting/?id=61496
02/08/2008 20:40,Puerto Vallarta (Mexico),,Mexico,Cone,"They came from the West, changed directions numerous times and were very visible to the naked eye.",https://nuforc.org/sighting/?id=62328
02/03/2008 21:45,Puerto Vallarta (Mexico),,Mexico,Circle,two round objects travelled in complete silence over water as I watched from my hotel room,https://nuforc.org/sighting/?id=61493
02/02/2008 01:53,Cancun (Quintana Roo) (Mexico),,Mexico,Light,Two bright lights zigzaging over Cancun,https://nuforc.org/sighting/?id=61646
01/18/2008 20:00,Nuevo Laredo (70km SW of) (Mexico),,Mexico,Fireball,bright ball seen in the northern sky traveling south from Nuevo Leon Mexico,https://nuforc.org/sighting/?id=66068
01/09/2008 22:00,Mexico (over Pacific Ocean),,Mexico,Light,SHOOTING STAR TURNS OUT TO BE SOMETHING ELSE,https://nuforc.org/sighting/?id=60700
01/06/2008 02:10,Mexico City (Mexico),,Mexico,Sphere,An orange sphere traveling from east to west at an incredible speed,https://nuforc.org/sighting/?id=60644
01/01/2008 00:45,Puerto Escodido (Mexico),,Mexico,Sphere,Orange shpere over southern Mexico,https://nuforc.org/sighting/?id=60452
12/23/2007 04:00,San Jose del Cabo (Baja California) (Mexico),,Mexico,,"Bright light over San Jose del Cabo, Baja Mexico around 4:00 AM. About 35 degrees above the horizon moving slowly to west.",https://nuforc.org/sighting/?id=62537
12/02/2007 22:00,Huatulco (Mexico),,Mexico,Sphere,"Huatulco ufo. Brown disc shape, flat sides. ""Windows"" showing.",https://nuforc.org/sighting/?id=59925
11/16/2007 19:49,Sabinas Hidalgo (Mexico),,Mexico,Other,"Object in the form of ""number 3 (3), with a faint light reddish white in each of its three ends traveling with uniform speed to the sou",https://nuforc.org/sighting/?id=119342
10/21/2007 04:00,Mexico City (Mexico),,Mexico,Changing,"Triangular craft sighted in Mexico City, October 2007.",https://nuforc.org/sighting/?id=58579
09/01/2007 18:30,Mexico (in-flight; flying N toward G. of Mex.),,Mexico,Other,Unfamiliar vessel spotted from airplane nearing Gulf of Mexico.,https://nuforc.org/sighting/?id=57222
06/20/2007 21:50,Mexico,MO,Mexico,Orb,two bright white orbs  come from northwest heading southwest no  sound.  ((NUFORC Note:  Space Shuttle w/ ISS??  PD)),https://nuforc.org/sighting/?id=57150
06/06/2007 23:00,"Akumal, Quintana Roo (Mexico)",,Mexico,Chevron,"Chevron Light Formation in Quintana Roo, Mexico.",https://nuforc.org/sighting/?id=60230
05/25/2007 13:00,Monterrey (Mexico),,Mexico,Disk,MEXICAN GOVERNMENT OFFICIALS RECOVER AND CONFISCATE OBJECT THAT FELL FROM SKY,https://nuforc.org/sighting/?id=56375
04/21/2007 23:00,Cancun (Mexico),,Mexico,Unknown,"Star like object on northerly course makes 120 degree turn, moves erratically and stops, vanishes",https://nuforc.org/sighting/?id=56220
04/07/2007 09:42,Puerto Vallarta (Mexico),,Mexico,Unknown,"UFO Puerto Valarta Captured On Photo April 07, 2007",https://nuforc.org/sighting/?id=56183
04/07/2007 09:30,Puerto Vallarta (Mexico),,Mexico,Oval,"UFO Captured in Photo - Puerto Vallarta , Mexico",https://nuforc.org/sighting/?id=56188
04/03/2007 21:30,Mulege (Baja California) (Mexico),CA,Mexico,Changing,"Hello, I am writing to you because I just filmed over 30 minutes of UFO video with my camcorder down in “Mulege” which is a town locate",https://nuforc.org/sighting/?id=59088
03/09/2007 18:22,Tijuana (Mexico),,Mexico,Sphere,circule on the sun in the midtle of it. 5 or 6 pictures same mark diferent camera.,https://nuforc.org/sighting/?id=55604
03/03/2007 21:30,Cancun (Mexico),,Mexico,Light,We observed a faint orange-red light coming from the north,https://nuforc.org/sighting/?id=55367
02/17/2007 17:00,Culiacan (Mexico),,Mexico,Unknown,Dark round hole in the clouds.,https://nuforc.org/sighting/?id=56500
02/06/2007 21:00,Cancun (Mexico),,Mexico,Other,"Saw an unidentified craft with outstanding maneuverablility and silent operation on the coast of Cancun, Mexico.",https://nuforc.org/sighting/?id=54266
01/01/2007 17:45,Ensanada (Mexico),,Mexico,Triangle,Trianglular mute lightened craft.,https://nuforc.org/sighting/?id=54267
01/01/2007 01:00,Puerto Vallarta (Mexico),,Mexico,Circle,"bright orange light over puerto vallarta, mex.  new years 1am.",https://nuforc.org/sighting/?id=54107
12/20/2006 20:20,Cancun (Mexico),,Mexico,Unknown,flashing lights over the Carribean for several days,https://nuforc.org/sighting/?id=54052
,,,,,,https://nuforc.org/sighting/?id=73211
12/16/2006 21:00,"Guadalajara, Jalisco (Mexico)",,Mexico,Disk,5 huge ufos along the highway make the vehicles shake,https://nuforc.org/sighting/?id=53757
12/06/2006 00:00,Mexico City (Mexico),,Mexico,Disk,An object in Tepeyac Temple,https://nuforc.org/sighting/?id=53471
12/01/2006 22:00,Mexicali (Baja California) (Mexico),,Mexico,Circle,flying multicolor rotating circle very fast and akward movements once entering U.S. airspace.,https://nuforc.org/sighting/?id=54053
11/18/2006 10:30,Hermosillo/Obregon City (between) (Sonora) (Mexico),,Mexico,Disk,"Disc-Shaped Object seen on Hermosillo-Obregon City, Sonora, Mexico Highway",https://nuforc.org/sighting/?id=53029
11/16/2006 23:00,Zapopan (Mexico),,Mexico,Sphere,"3 objects appear over my house, exactly over my head, I have pics.",https://nuforc.org/sighting/?id=55609
10/18/2006 19:00,San Carlos,,Mexico,Triangle,"Triangle UFO in San Carlos Mexico Oct 18,06",https://nuforc.org/sighting/?id=52127
09/02/2006 20:00,Manzanillo (Mexico),,Mexico,Changing,"Photos taken on the coast in Manzanillo, Mexico",https://nuforc.org/sighting/?id=52261
08/20/2006 16:34,Tijuana (Mexico),CA,Mexico,Cigar,it aperd for a 3 second period standing statik long silver object,https://nuforc.org/sighting/?id=51519
08/07/2006 23:00,Cancun (Mexico),,Mexico,Light,Red shooting star changed directions and went back into space.,https://nuforc.org/sighting/?id=52503
08/03/2006 22:50,Tecoman (Mexico),,Mexico,Sphere,"we seen an orange sphere that lasted for hours right above the ocean,it didnt move at all but it had a weird glow to it",https://nuforc.org/sighting/?id=51204
07/03/2006 00:00,,,Mexico,Circle,"UFO craft  witnessed Jalisco, Mexico",https://nuforc.org/sighting/?id=51146
06/27/2006 20:30,Baja (Mexico),,Mexico,Cigar,I saw a cigar UFO black in color with 4 lights coming out of it and two beaming to earth,https://nuforc.org/sighting/?id=50864
06/26/2006 21:30,Los Cabos (Mexico),,Mexico,Light,bright light omitting a fog light appearance toward earth,https://nuforc.org/sighting/?id=50708
06/07/2006 14:36,Monterrey (Mexico),,Mexico,Sphere,go to fast speed,https://nuforc.org/sighting/?id=56723
05/09/2006 21:15,Merida (Mexico),,Mexico,Cigar,The object fly in to W-NW direction. The object changed by red-blue colors. The object appear in the sky and desappear in seconds,https://nuforc.org/sighting/?id=50236
04/23/2006 12:06,Tulum (near Cancun) (Mexico),,Mexico,Rectangle,Caught shot of possible UFO on Vacation near Mayan Ruins in Mexico,https://nuforc.org/sighting/?id=49797
04/22/2006 00:00,San Felipe (Mexico),,Mexico,Disk,We were out looking at huge saquaro catus and taking pictures. When we got home and were looking at the pictures on T.V we noticed a si,https://nuforc.org/sighting/?id=48975
03/06/2006 16:00,Cabo San Lucas (Mexico),,Mexico,Circle,A yellow/orange circle which looked as if it radiated heat was moving at such a fast speed that the pictures I took left a long rope,https://nuforc.org/sighting/?id=48965
02/02/2006 18:30,Puerto Vallarta (Mexico),,Mexico,Disk,"Irreguelar ""cloud"" formations in sky above Bahia de Banderas.",https://nuforc.org/sighting/?id=50157
02/01/2006 22:50,Puerto Vallarta (Mexico),,Mexico,Formation,"Five reddish orange lights moving at very fast , floating speeds in a formation.  Dog got agitated as it got closer.",https://nuforc.org/sighting/?id=48583
01/19/2006 23:15,Cabo San Lucas (Mexico),,Mexico,Other,"4 star-like objects with a surrounding halo appeared in succession to form an arc northeast of and close to the moon, then suddenly dis",https://nuforc.org/sighting/?id=48731
01/01/2006 11:00,San Luis (Mexico),,Mexico,Unknown,UFO'S in san luise mexico.,https://nuforc.org/sighting/?id=49295
12/31/2005 23:00,Merida (Mexico),,Mexico,Fireball,"Decenas de esferas de colores en elcielo nocturno de Mérida, Yucatán,México.",https://nuforc.org/sighting/?id=62034
12/31/2005 21:30,"San Luis, R.C. (Mexico)/Yuma, AZ",,Mexico,Sphere,The red  glowing spheres in Mexico were first seen flying as a triangle and then went into a straight line.,https://nuforc.org/sighting/?id=79397
12/28/2005 20:00,Cancun (Mexico),,Mexico,Other,"multicolored ""Star"" changing formation.  ((NUFORC Note:  Possible sighting of Sirius??  PD))",https://nuforc.org/sighting/?id=48366
12/21/2005 16:00,Durango (Mexico),,Mexico,Disk,I seen a four UFOs in Mexico clearly in the day time.,https://nuforc.org/sighting/?id=48007
12/02/2005 19:37,Puerto Vallarta (Mexico),,Mexico,Unknown,"bright strobe light ufo seen over bay in puerto vallarta, mexico",https://nuforc.org/sighting/?id=48517
11/28/2005 09:10,Guaymas Sonora (Mexico),AL,Mexico,Fireball,"I was driving South on the road,Forme Hermosillo to Guaymas , the sky was blue, There was no clouds Somethinhg bright on the sky , call",https://nuforc.org/sighting/?id=47951
11/20/2005 20:00,"Acapulco (Guerrero, Mexico)",,Mexico,Circle,after work we 3  ships  flying  across the sky in acapulco in mexico,https://nuforc.org/sighting/?id=47547
11/01/2005 18:00,Tijuana (Mexico),,Mexico,Light,i was in Mexico visting my grandparents. I walked to the supermarket  to get bread and milk for them since they love to eat that for di,https://nuforc.org/sighting/?id=47027
10/27/2005 17:00,Gonsaga Bay (Mexico),,Mexico,,dont see it untill down load the pictures,https://nuforc.org/sighting/?id=46080
09/22/2005 20:00,Baja (Mexico),,Mexico,Unknown,"((NUFORC Note:  Missile launch from Vandenberg AFB.  PD))  SOME SORT OF CRAFT AND MUSHROOM CLOUD, TO THE NORTH",https://nuforc.org/sighting/?id=46111
09/04/2005 04:00,Puntas Cabras,,Mexico,Light,"bright light moved in slow ""S"" motion then it changed speeds and straight up and disapeared",https://nuforc.org/sighting/?id=45870
09/04/2005 04:00,Punta Cabras (Mexico),,Mexico,Light,"Brightest light in the sky ""S Curves"" and shoots straight away and fades into nothing.- - Punta Cabras, Mexico",https://nuforc.org/sighting/?id=79920
08/27/2005 10:00,"Apodaca, Nuevo Leon (Mexico)",,Mexico,Light,"A half hour ago, I and others have seen a very bright ""star"" moving from northest to southwest altmost on the cenit (70 to 90°)with a v",https://nuforc.org/sighting/?id=45645
08/15/2005 00:00,Pescadero (Los Cerritos Beach) (Baja Sur) (Mexico),,Mexico,Other,"orb of light hovering over girl and boy in mexico, then taking off into the sky",https://nuforc.org/sighting/?id=135036
08/14/2005 14:02,México,DC,Mexico,Cone,"This sigthtin occurs a day after a sismologic event in mexico city, the ufo was seen in an area called mexican volcanos, a common area",https://nuforc.org/sighting/?id=44475
07/25/2005 21:00,San Felipe (Baja California)(Mexico),,Mexico,Disk,UFO followed my truck.,https://nuforc.org/sighting/?id=81132
05/23/2005 11:45,Cozumel (Mexico),,Mexico,Formation,we watch alot of shows on this subject and what we have in this picture closely resembles a UFO formation,https://nuforc.org/sighting/?id=43753
05/07/2005 21:00,Mexico City (D.F.) (Mexico),,Mexico,Light,Red lights in the sky.,https://nuforc.org/sighting/?id=69039
04/29/2005 23:30,Playa Del Carmen (Mexico),,Mexico,Light,Lighted UFO  following shores of Play Car towards Cancun and making tight circle,https://nuforc.org/sighting/?id=43679
04/28/2005 21:00,Cuernavaca (Mexico),,Mexico,Orb,"Bright Red-Orange-White Ball of Light in Cuernavaca, Mexico",https://nuforc.org/sighting/?id=61623
04/23/2005 17:00,Mexico City (Mexico),,Mexico,Disk,Four unidentifiable objects in a photograph that I took in Mexico City.,https://nuforc.org/sighting/?id=42955
03/15/2005 23:45,"Haciendo de Cabanas, Guerrero",,Mexico,Disk,"A large radiating craft seen above Playa Paraiso beach, 3 hours from Acapulco.",https://nuforc.org/sighting/?id=41999
03/10/2005 18:34,"La Cholla, Sonora (Mexico)",,Mexico,Sphere,UFO in calm coastal Sunset sky.,https://nuforc.org/sighting/?id=48647
02/04/2005 12:00,Tulum (ancient city) (Mexioc),,Mexico,Disk,Saucer over Tulum Ruins,https://nuforc.org/sighting/?id=41598
02/03/2005 14:00,Tulum (Mexico),,Mexico,Triangle,Photographic picture,https://nuforc.org/sighting/?id=41345
01/18/2005 09:00,Cozumel (Mexico),,Mexico,Other,While on a cruise NCL Spirit before leaving the ship I saw the sun trying to break through the clouds I took a picture with ray coming,https://nuforc.org/sighting/?id=41343
01/01/2005 06:51,Monterrey (Mexico),,Mexico,Egg,"i was just taking pictures of night view with my digital camera, and i suddenly realized that i took a picture of UFO",https://nuforc.org/sighting/?id=41307
01/01/2005 00:30,Monterrey (Mexico),,Mexico,Cross,"Object moves from west to east, makes a u-turn, and goes back west. Glows orange. Repeat of 12-24 event.",https://nuforc.org/sighting/?id=40754
12/24/2004 23:00,Monterrey (Mexico),,Mexico,Cross,On December 24th at about 11:00pm a jet shaped objected moved across the sky glowing orange at a high altitude.,https://nuforc.org/sighting/?id=40684
11/23/2004 19:00,Puerto Vallarta (Mexico),,Mexico,Circle,Large spheric objects in the sky.,https://nuforc.org/sighting/?id=40567
11/16/2004 17:05,Jalisco (Mexico),,Mexico,Disk,al evisar fotografias de un paisaje tomado en la sierra de Tapalpa Jalisco descubri unos puntos negros al momento de hacer la ampliacio,https://nuforc.org/sighting/?id=40562
11/10/2004 20:11,Puerto Vallarto (Mexico),,Mexico,Light,"Odd lights remain over the Bay of Banderes, Puerto Vallarta, Mexico.… ((NUFORC Note:  Possibly stars, we suspect.  PD))",https://nuforc.org/sighting/?id=45576
11/09/2004 03:30,Puerto Vallarto (Mexico),,Mexico,Light,"Odd light formations over Banderas Bay in Puerto Vallarta, Mexico...",https://nuforc.org/sighting/?id=50918
10/21/2004 23:30,Careyes (Mexico),,Mexico,Circle,"I saw a strange circular saucer moving (not at all quickly either) away from the sea, from a balcony.",https://nuforc.org/sighting/?id=41093
10/11/2004 10:00,Nuevo Laredo (Mexico),,Mexico,Light,"While I was driving I stopped at a traffic light and when I turned to wait for the green light, I saw 11 bright lights in the sky",https://nuforc.org/sighting/?id=70149
09/05/2004 13:00,Mexico City (Mexico),,Mexico,,"hey did anyone see that thing on CNN about a single ufo in Mexico? I dont remember the time that it happened or even what month it was,",https://nuforc.org/sighting/?id=38537
08/24/2004 19:15,Cancun (Mexico),,Mexico,Cigar,"A huge object off the coast of Cancun, Mexico",https://nuforc.org/sighting/?id=44440
08/02/2004 22:15,Cabo San Lucas (Mexico),,Mexico,Other,large light object that stayed in sighting for approx. 20 to 25 minutes. moving west to east,https://nuforc.org/sighting/?id=38412
07/25/2004 22:00,Mexico,,Mexico,Sphere,fast moving object across bay,https://nuforc.org/sighting/?id=44439
07/20/2004 01:00,Cancun (Playa del Carmen) (2 hours south of),,Mexico,Light,"Satallite with a mind of its own?? Riviera Maya, Mexico",https://nuforc.org/sighting/?id=108983
07/04/2004 22:00,Mexico,,Mexico,Sphere,fast moving object across bay,https://nuforc.org/sighting/?id=38945
06/30/2004 03:00,Rosarito (Mexico),,Mexico,Unknown,"It put its hand near my face, but stopped and spoke to another one that told him to leave me alone, for they were ""done here.""",https://nuforc.org/sighting/?id=180881
06/16/2004 13:45,Malinalco (Mexico),,Mexico,Oval,"2 female friends at lunch in Malinalco, Mexico last June - saw small shiny silver oval/circular object for about 12 seconds",https://nuforc.org/sighting/?id=41237
06/15/2004 21:00,Monterrey,Nuevo León,Mexico,Orb,Big orb-shaped flying structure with multiple lights coming from it.,https://nuforc.org/sighting/?id=37268
06/05/2004 21:00,Cancun (Mexico),,Mexico,Orb,"high speed light that can change course in a second, in high orbit.",https://nuforc.org/sighting/?id=37204
05/26/2004 01:00,Cancun (Mexico),,Mexico,Other,Show in the sky!,https://nuforc.org/sighting/?id=37301
05/19/2004 21:00,Punta Brava (Mexico),,Mexico,Oval,Craft over Meixcan coast on Caribbean side of country,https://nuforc.org/sighting/?id=36867
05/17/2004 22:00,Puerto Vallarto (Mexico),,Mexico,Light,A flashing red and white light making irratic movements and hovering at length before disappearing.,https://nuforc.org/sighting/?id=36918
05/05/2004 00:00,Mexico,,Mexico,,Article in the Globe and Mail,https://nuforc.org/sighting/?id=36564
05/04/2004 20:48,Mexico City (Mexico),,Mexico,Oval,"Saucer shaped object over Mexico City on May 4, 2004",https://nuforc.org/sighting/?id=36455
04/26/2004 20:50,Tijuana (Mexico),MB,Mexico,Light,Saw UFO outside Airplane Window.,https://nuforc.org/sighting/?id=52305
04/18/2004 02:00,Cancun (Mexico),,Mexico,Triangle,Triangular shaped illuminating object hovering over the ocean near Cancun Mexico.  ((NUFORC Note:  Sighting of a planet??  PD)),https://nuforc.org/sighting/?id=36870
03/20/2004 22:00,Bucerias (Nayarit) (Mexico),,Mexico,Disk,the object over our house was huge!,https://nuforc.org/sighting/?id=36907
03/05/2004 23:00,Mexico City (Mexico),,Mexico,Disk,UFO's over Mexico City,https://nuforc.org/sighting/?id=36844
03/05/2004 20:25,Mexico,,Mexico,Light,Tue May 11 09:25pm on Video from the AP news.Check out sbcYahoo for video under this date.Mexican Air Force pilots filmed 11 unidentifi,https://nuforc.org/sighting/?id=36866
03/05/2004 17:00,Mexico,,Mexico,,Mexico Air Force video creates UFO stir,https://nuforc.org/sighting/?id=36868
03/05/2004 00:00,Mexico City (Mexico),,Mexico,Light,11 UFO's sighted in Mexican capital by airforce pilots visible only via infared cameras.,https://nuforc.org/sighting/?id=35188
03/05/2004 00:00,Mexico,,Mexico,,UFO's over mexico,https://nuforc.org/sighting/?id=35169
02/14/2004 04:00,Caribbean (in a cruise) (Mexico),,Mexico,Light,they werent planes they were UFOS,https://nuforc.org/sighting/?id=34850
02/12/2004 21:00,"Cancun (Yucatan, Mexico)",,Mexico,Light,Star-like objects turning and moving at different directions and sometimes at incredible speed.,https://nuforc.org/sighting/?id=33629
01/17/2004 10:35,Tijuana B.C. (Mexico),,Mexico,Other,"Imagine the space shuttle on steoids, with stubby X-15 like wings. Object flew overhead, fast and low, then rose quicly, at one point i",https://nuforc.org/sighting/?id=33535
12/02/2003 21:00,Tulum (Mexico),,Mexico,Changing,"Bright multi-colored, pulsating cigar shaped object observed near Tulum,. Mexico",https://nuforc.org/sighting/?id=33418
12/02/2003 20:30,Los Mochis (Mexico),,Mexico,Circle,Large circular object with lights on top,https://nuforc.org/sighting/?id=32750
11/26/2003 17:00,Cancun (Mexico),,Mexico,,"WAS  JUST BEFORE SUNSET,  AIRCRAFT  MIDLE ALTITUDE, FLYING FROM NORTH EAST TO SOUT WEST APERA LIKE A SPACE CRAFT  ENTERING THE ATHMOSFE",https://nuforc.org/sighting/?id=33108
10/23/2003 00:10,Puerto Vallarto (Mexico),,Mexico,Light,bright white lights over the Sierra Madres in Mexico,https://nuforc.org/sighting/?id=31456
10/13/2003 12:30,Guasave Sinaloa,,Mexico,Changing,Change form getting energy,https://nuforc.org/sighting/?id=31454
09/13/2003 17:25,Tijuana (Mexico),,Mexico,Egg,"El objeto estaba inmovil  en el aire, era de un color plateado y en forma de huevo.",https://nuforc.org/sighting/?id=31477
09/13/2003 17:10,Tijuana (Mexico),,Mexico,Oval,Gray object above a mount left a trail to the south,https://nuforc.org/sighting/?id=31303
09/10/2003 15:30,Tijuana (Mexico),,Mexico,Sphere,3 esferas plateadas  estaban estaticas en el aire a una distancia de 1 kilometro.,https://nuforc.org/sighting/?id=31105
09/02/2003 22:18,Ajijic (Mexico),,Mexico,Sphere,"A bright red sphere with pulsating white light observed SE of Ajijic, Mexico for about 2 mins.",https://nuforc.org/sighting/?id=30642
08/31/2003 22:00,Ajijic (Mexico),,Mexico,Sphere,"We observed a red and bright white sphere for some 45 seconds, travelling rapidly in an arc from WSW to NE, below medium cloud cover.",https://nuforc.org/sighting/?id=35834
08/01/2003 00:15,Cozumel (north of) (Mexico),,Mexico,Circle,Strange lights seen off a cruise ship in the Caribbean.,https://nuforc.org/sighting/?id=29603
07/06/2003 20:30,"Bahia de Los Angeles (Baja, Mexico)",,Mexico,Egg,glowing ball flying from south to north at the south end of the bay...  Bahia De Los Angeles Baja California Norte,https://nuforc.org/sighting/?id=29099
07/06/2003 16:05,Chichen Itza (Yucatan) (Mexico),,Mexico,Circle,2 sec appearance on video while climbing piramid in chichen Itza Pen Yucatán México,https://nuforc.org/sighting/?id=37788
06/02/2003 22:00,Cancun (south of) (Mexico),,Mexico,Light,I am compelled to relay this recent experience of mine to anyone that may usefully document it.  Keep in mind it's an account written b,https://nuforc.org/sighting/?id=29011
05/10/2003 13:00,Acambaro (Mexico),,Mexico,Circle,Sighting of a white object flying at an impossible speed.,https://nuforc.org/sighting/?id=52152
04/24/2003 01:00,Cancun (Mexico),,Mexico,Fireball,"Red fireball moving across the night sky in Cancun, Mexico",https://nuforc.org/sighting/?id=30694
03/21/2003 00:23,Mexico,,Mexico,Triangle,ufo's at sea above the pacific ocean,https://nuforc.org/sighting/?id=26823
,,,,,,https://nuforc.org/sighting/?id=26233
12/24/2002 04:00,Cancun (Mexico),,Mexico,Other,'dancing' lights that looked like starts zig-zagging and doing other incredible manouveres in Cancun Mexico,https://nuforc.org/sighting/?id=27202
12/04/2002 01:00,"Monterrey (Mexico) (outside city, on large highway)",,Mexico,,"There was many objects stopping traffic on a major highway outside Monterrey, Mexico",https://nuforc.org/sighting/?id=25089
11/23/2002 21:09,"Mexico (Coastal waters, West)",,Mexico,Unknown,"Soundless flashing object crosses sky in 5 seconds, ENE to WSW",https://nuforc.org/sighting/?id=41934
11/15/2002 07:30,Mexico City (Mexico),,Mexico,Egg,UFOs at Mexico City.,https://nuforc.org/sighting/?id=24841
09/13/2002 19:01,Las Gaviotas/Baja California (Mexico),,Mexico,Unknown,"While reviewing pictures I had taken of the ocean view directly in front of my vacation rental, I discovered an image that was captured",https://nuforc.org/sighting/?id=24754
09/01/2002 20:30,Puerto Vallarta (Mexico),,Mexico,Other,"Something definitely seen and video taped while vacationing in Puerto Vallarta, Mex.",https://nuforc.org/sighting/?id=26290
08/25/2002 13:00,Tijuana (Mexico),,Mexico,Disk,This thing was long approx. 200ft and thin. Silver metallic but shiny nothing like an airplane or anything I've ever seen before. We di,https://nuforc.org/sighting/?id=23815
08/24/2002 19:15,Tijuana (Mexico),,Mexico,Disk,ovni o ?,https://nuforc.org/sighting/?id=23763
08/13/2002 06:30,"Cancun, Q.R. (Mexico)",,Mexico,Disk,"Digital picture from caribean sun raise taken from hotel window.

UFO in picture found months later while looking at .ppt presentatio",https://nuforc.org/sighting/?id=23459
07/17/2002 22:00,San Felipe (Baja California) (Mexico),,Mexico,Cylinder,there are objects in the baja area not yet identified!!!!!!!!,https://nuforc.org/sighting/?id=177021
07/08/2002 23:15,Chihuahua (Mexico),,Mexico,Triangle,"Vimos una nave triangular con luz roja en cada punta del triangulo, volaba a una velocidad baja a unos 200 mts de altura, la noche esta",https://nuforc.org/sighting/?id=22944
06/26/2002 12:32,Mt. Popocatepetl (Mexico),,Mexico,Circle,"Shortly before dawn, a circular UFO was seen flying below Mt. Popocatepetl in Mexico.",https://nuforc.org/sighting/?id=22904
06/15/2002 02:00,San Quentin,,Mexico,Other,Bright green aurora like bubble filled with an opaque ice color with bicycle wheel spokes of light meeting ta liquid metal colored disk,https://nuforc.org/sighting/?id=26107
05/12/2002 17:00,Mexico,,Mexico,Circle,Dark circle flying opossite the wind!!,https://nuforc.org/sighting/?id=22526
05/10/2002 18:50,Cuauhtemoc (Mexico),,Mexico,Oval,Un noticed,https://nuforc.org/sighting/?id=22414
04/20/2002 11:00,Cuernavaca (Mexico),,Mexico,Oval,Sighting of Motherships retrieving aproximately 50 other smaller ships.,https://nuforc.org/sighting/?id=22508
04/02/2002 20:05,Chiuahua (Chiuahua state) (Mexico),,Mexico,Light,"Looking at the sky,while visting my parents,we saw what we thought to be at first sight a satelite,except going at least 4 or 5 times t",https://nuforc.org/sighting/?id=22329
03/31/2002 21:00,Puerto Penasco (Mexico),,Mexico,Circle,"camping on the beach looking at what we thought was a shooting star and it was falling from the sky over the ocean only it stopped, it",https://nuforc.org/sighting/?id=22716
03/31/2002 21:00,Puerto Penasco (Mexico),,Mexico,Circle,"I wrote to you about the sighting my family had over the ocean on March 31, 2002, in Puerto Penasco , Mexico  aka Rocky Point... you as",https://nuforc.org/sighting/?id=22413
03/13/2002 18:30,Puerto Penasco/N. Sea of Cortez (Mexico),,Mexico,Light,very bright light with huge triangular vapor trail emitting from the bottom of the light source,https://nuforc.org/sighting/?id=20957
02/05/2002 23:30,San Luis Potosi (Mexico),,Mexico,Disk,"Aparecio un objeto extraño a las afueras de la ciudad, el OVNI media al rededor de 300 m de longitud era una cosa enorme y a tan larga",https://nuforc.org/sighting/?id=21655
01/29/2002 20:00,Chihuahua (Mexico),,Mexico,,tres dias antes del avistamiento tuve un sueño muy bonito y que me ocasiono mucha tranquilidad en el cual veia muchas naves de un color,https://nuforc.org/sighting/?id=19027
01/01/2002 00:10,Tijuana (Mexico),,Mexico,Circle,"Object was red,round and no sound flew for awhile the went in to the sky and vanished",https://nuforc.org/sighting/?id=18201
12/01/2001 21:10,Mazatlán (Mexico),,Mexico,Light,about 300 saw a bright comet-like object flying too fast and too low from SW to NE at 21:10 on 12/2/01 at about 23°N106W,https://nuforc.org/sighting/?id=50175
08/17/2001 01:45,Mt. Popocatapetl,,Mexico,Changing,strange POPO lights with possable midnight vehicle-ufo interaction.,https://nuforc.org/sighting/?id=19322
06/21/2001 18:00,Mt. Popocatepetl (Mexico),,Mexico,Oval,UFO seen on internet cam over Popo Volcano,https://nuforc.org/sighting/?id=17847
06/10/2001 23:00,Cancun (Mexico),,Mexico,Light,2001-06 Cancun Mexico - distant bright orange dancing light,https://nuforc.org/sighting/?id=17630
05/30/2001 05:00,Bahia de Los Angeles (Baja California) (Mexico),,Mexico,Sphere,"Very bright glowing object would drop suddenly and rise again...and stay still. Looked like Venus, but moved",https://nuforc.org/sighting/?id=17366
05/28/2001 12:00,Rosita  (leaving; coh.Mexico),,Mexico,Disk,One big silver saucer and two small saucer.  On the top of some hills out of the mines during the day 12:00pm. just for a few mintues.,https://nuforc.org/sighting/?id=17455
04/25/2001 19:00,San Felipe (Mexico),,Mexico,Cylinder,"Bright light following cylindrical nose, near ground, moving linearly southward without noise or trail.",https://nuforc.org/sighting/?id=16479
04/17/2001 20:45,Cancun (Mexico),,Mexico,Light,"A small star like light, making sharp turns in the area of Ursa Major (The Big Dipper)",https://nuforc.org/sighting/?id=26752
04/16/2001 22:00,Cancun (Mexico),,Mexico,Triangle,"Perfectly shaped triangle of stars, extremely fast moving, two stars circling each other.",https://nuforc.org/sighting/?id=18508
02/14/2001 09:25,Mt. Popocatepetl (Mexico) Live Cam,,Mexico,Disk,"For the past 3 days now I've seen some objects hovering over Popocatepetl Volcano for upwards of 15 minutes, on the Cenapred live cam.",https://nuforc.org/sighting/?id=77687
01/01/2001 00:01,Progresso (Mexico),,Mexico,Fireball,2001 New Years Sighting,https://nuforc.org/sighting/?id=16387
12/25/2000 00:00,Tlaltenango (Mexico),,Mexico,Light,Bright light on and off for about an hour,https://nuforc.org/sighting/?id=13226
12/23/2000 19:00,La Madrid (Mexico),,Mexico,Orb,White orb of light hovering over Sierra Madre Mountains during Christmas week.,https://nuforc.org/sighting/?id=22454
12/08/2000 19:00,San Jose Del Cabo (Mexico),,Mexico,Sphere,It was the most amazing sight I've ever seen.,https://nuforc.org/sighting/?id=12983
06/24/2000 23:00,Cancun (Mexico),,Mexico,Sphere,Around 11pm on 06/24 My wife and I Noticed   Circular shape beams of light  with a Halo like circle around them.  They were traveling n,https://nuforc.org/sighting/?id=38296
06/15/2000 14:00,Mexico City (Mexico),,Mexico,Sphere,static silver sphere,https://nuforc.org/sighting/?id=12815
05/27/2000 00:30,Cancun (Mexico),,Mexico,Cigar,WAS SITTING ON THE BEACH AND STARGAZING WHEN I SEEN A SHOOTONG STAR OR THOUGHT IT WAS I DIDN'T NOTICE ANY LIGHTS JUST THAT IT WAS MOVIN,https://nuforc.org/sighting/?id=68459
05/07/2000 20:00,Mazatlan (Mexico),,Mexico,,I have 20 minutes of film but no one seams intrested to even look at it It looks like an object moving away from you as bright as any s,https://nuforc.org/sighting/?id=12584
04/27/2000 21:00,"San Felipe, Baja de California (Mexico)",,Mexico,,Something in the night sky!,https://nuforc.org/sighting/?id=36845
04/12/2000 20:30,Puerta del Zapatero Mazamitla (Mexico),,Mexico,Light,Me and two other witnesses seen 3 lights in the sky on a evning walk.,https://nuforc.org/sighting/?id=180485
03/25/2000 11:30,"Garrafon, Isla Mujeres, Yucatan (Light House) (Mexico)",,Mexico,Oval,"I photograhed my wife for a picture by the lighthouse.  When developted we noticed ""something"" that was not there before.",https://nuforc.org/sighting/?id=13301
02/15/2000 23:00,Tijuana (Mexico),,Mexico,Flash,la estrella estuvo estatica por lo menos 30 min y su uida fue espectacular ni el mas moderno avion aria eso!,https://nuforc.org/sighting/?id=10547
01/03/2000 23:00,Cancún,Quintana Roo,Mexico,Star,"Saw 17 formation N making back and forth up down mnvrs then turned S, one stopped in front of us",https://nuforc.org/sighting/?id=9791
01/01/2000 01:00,,,Mexico,Light,Red/Orange light in the sky.,https://nuforc.org/sighting/?id=44552
11/13/1999 20:00,Guaymas (Mexico),,Mexico,Orb,"small star gets bigger, bigger, explodes then smaller light left in it's place proceeds south-west at steady (satelite like)speed.",https://nuforc.org/sighting/?id=10416
09/17/1999 04:00,"Todos Santos, bcs (Mexico)",,Mexico,Sphere,4:00 A.M. a large white light was seen above the tallest mountain east of Todos Santos at Lat.23.30 (Tropic of Cancer) and Lon. 110.W,https://nuforc.org/sighting/?id=8578
08/12/1999 14:00,International waters (Mexico),,Mexico,Sphere,While on a fishing trip in Mexico i saw a small sperical UFO.,https://nuforc.org/sighting/?id=131909
06/15/1999 13:00,Chihuahua (Mexico),,Mexico,Other,"I think I saw contrails, but this day some military F-5 aircraft were passing by over the city, and I don´t know if they release a whit",https://nuforc.org/sighting/?id=12555
06/14/1999 22:30,San Felipe (Baja) (Mexico) (Mexico),,Mexico,Light,Two lights darting in a zig zag patern. Another flashing craft moving with other lights.,https://nuforc.org/sighting/?id=13983
06/01/1999 20:00,Curaçao (Mexico),,Mexico,Light,I remembered seeing a hovering red light in the sky and calling my aunt who reluctantly came out in the backyard to look at this light.,https://nuforc.org/sighting/?id=8215
04/15/1999 02:30,"Mexico City, D.F. (Mexico)",,Mexico,Sphere,I woke up with a sensation of dehydration and sweat and drank a glass of water feeling a need to open the windows curtain and I saw an,https://nuforc.org/sighting/?id=5555
03/04/1999 21:00,Puerto Vallarto (Mexico),,Mexico,Fireball,"Orange object moving from north to south in the western sky in Puerto Vallarta, Mexico.",https://nuforc.org/sighting/?id=5811
02/28/1999 22:00,Cancun (Mexico),,Mexico,Changing,Satilite like object then growing bright changing direction and moving rapidly upwards.,https://nuforc.org/sighting/?id=5322
02/14/1999 17:00,Mt. Popocatepetl (Mexico),,Mexico,Sphere,Watching Live Video Cam of Popo at http://www.cenapred.unam.mx/UltimaImagenVolcan2.html,https://nuforc.org/sighting/?id=5006
01/09/1999 22:00,Cancun (Mexico),,Mexico,Unknown,i always and looking for satellites. this particular night i thought i had found one because of the speed that the light was moving was,https://nuforc.org/sighting/?id=5016
01/09/1999 02:39,Tijuana (Mexico),,Mexico,Rectangle,A white flash of light moving east to west stopped for one second in the shape of a green rectangle with round corners.  Then It procee,https://nuforc.org/sighting/?id=5254
12/05/1998 19:00,Ajijic (Mexico),,Mexico,Light,"very bright pinpoint light w/ cone shape vapor trail. Observed for 5 min, looked to be at 3 to 5 k ft. pinpoint started to move and dis",https://nuforc.org/sighting/?id=15128
12/05/1998 19:00,Valle de Bravo (Mexico),,Mexico,Light,White bright light like a headlight with a cloudy proyection though heaven was clear. It suddenly disspareared leaving just the bright,https://nuforc.org/sighting/?id=20838
11/27/1998 00:00,"Gulf of California camping, Baja (Mexico)",,Mexico,Unknown,"Red, white, green flashing light in two bright objects on opposite sides of ORIONS BELT in night sky. Geosynchronous satellites?",https://nuforc.org/sighting/?id=4796
11/15/1998 15:30,Meztitla (Mexico),,Mexico,Diamond,"Several objects appeared from behind a mountain, moved around a bit and hid again.",https://nuforc.org/sighting/?id=4800
11/15/1998 12:00,Guadalajara  zapopan jalisco (Mexico),,Mexico,Cylinder,empese a oir boses que me ablavan voltie asia riva y los vi unos silindricos esfericos unos que parecian cerpientes y tome varias fotos,https://nuforc.org/sighting/?id=4301
10/01/1998 21:00,Wadley (5 hrs from San Luis Opsipo) (Mexico),,Mexico,Triangle,"While on a 5-day camping trip in Mexico, two campers had a close encounter on TWO occasions.",https://nuforc.org/sighting/?id=5696
09/15/1998 21:00,"Wadley, San Luis Potosi, SLP (In the desert near) (Mexico)",,Mexico,Disk,"Craft was approaching, it accelerated very fast, stopped and changed direction several times.",https://nuforc.org/sighting/?id=54416
05/08/1998 22:30,Morelos (rural area) (Mexico),,Mexico,Light,We where on the road when we saw 2 long lights flying hirizontaly flashing alternatly. Then 2 or 3 sec. after it started decending and,https://nuforc.org/sighting/?id=31238
08/23/1997 22:00,"Hermosillo, Sonora (Mexico)",,Mexico,Other,"A white boomerrang spaceship decloaked (six blocks away), then like, warp speed away.(Star Trek stlye).",https://nuforc.org/sighting/?id=1976
07/10/1997 16:00,Vergel de la Sierra (mountain name; near no city) (Mexico),,Mexico,Triangle,vergel de la sierra mexico sightings black triangle ufo,https://nuforc.org/sighting/?id=24717
05/15/1997 22:00,Tehuacan (Mexico),,Mexico,Oval,Oval object with half globe on the top and white-shiny haze around it,https://nuforc.org/sighting/?id=13565
09/20/1996 23:30,Cancun (Melia Turquesa Hotel) (Mexico),,Mexico,Light,3 dull orange lights closely clustered traveling from NNW to SSE. Traveling at high altitude & rate of speed with a abrupt jog to the e,https://nuforc.org/sighting/?id=35319
08/14/1996 22:00,Cancun (Mexico),,Mexico,Other,Points of lights in Cancun 96,https://nuforc.org/sighting/?id=68707
05/15/1996 00:00,Puerto Vallarto (Mexico),,Mexico,Diamond,4 diamond shaped light over the ocean in Mexico in May of 1996,https://nuforc.org/sighting/?id=8453
05/01/1996 12:00,La Moncada (Mexico),,Mexico,Disk,"disc shape object shiny and abouth 20 meters in diameter hovering over agricultural fields in la moncada, gto, mexico",https://nuforc.org/sighting/?id=3323
04/06/1996 02:00,Huatulco (Mexico),,Mexico,Light,"A moving light that resembled a star but moved in a crazy, erratic fashion and then zipped away and disappeared",https://nuforc.org/sighting/?id=18398
03/29/1996 15:00,Teotihuacan (Mexico),,Mexico,Disk,A disk-shaped flying object appeared above the Pyramid of the Sun at Teotihuacan in Mexico,https://nuforc.org/sighting/?id=173550
03/15/1996 03:00,San Felipe (driving south to) (Mexico),,Mexico,Diamond,"While traveling to San Felipe for a fishing trip Three Immigration Inspectors and myself a Customs Inspector spotted a ""diamond"" to the",https://nuforc.org/sighting/?id=79917
01/28/1996 20:30,Aguascalientes (Mexico),,Mexico,Oval,"The witnesses of this sighting are my father,my brother and I, we were burning some electric cable in the ranch (San antonio de los Ped",https://nuforc.org/sighting/?id=74428
09/02/1995 18:30,State of Mexico,Mexico City,Mexico,Oval,I was like 10 years old when I saw an oval shape object flying into a mountain hill and sit for around 2 min and after that was gone.,https://nuforc.org/sighting/?id=39447
06/01/1995 11:00,Jalostotitlan (Mexico),,Mexico,Other,Contact with aliens in a small craft in the state of jalisco Mexico .,https://nuforc.org/sighting/?id=3007
01/19/1995 22:00,Cancun (Mexico),,Mexico,Chevron,Glowing objects flying over Cancun,https://nuforc.org/sighting/?id=11872
12/04/1994 11:00,"Tampico, Tamaulipas (Mexico)",,Mexico,Formation,"flotilla de ovnis tomada en video en Diciembre de 1994 en Tampico, Tamaulipas. Mexico.",https://nuforc.org/sighting/?id=38096
09/15/1994 10:00,"Mexicali B. C. Mexico; Sierra Cucapah; Cerro prieto., B. C.",,Mexico,Oval,"I seen one objet upper the Sierra cucapah (Cucapah mountains)the form of this objet: ovoid and gold color, this objet disappears when i",https://nuforc.org/sighting/?id=51063
06/01/1994 21:30,Ensenada (Baja Calif.) (Mexico),,Mexico,Light,"while scanning the stars,I was drawn to a perfect circle of stars or lights high in the sky. while exclaiming to my friend that this fo",https://nuforc.org/sighting/?id=58860
05/08/1994 22:00,El Ajusco (Mexico),,Mexico,Oval,"UFO sighting and scanning sentsation in El Ajusco, Mexico",https://nuforc.org/sighting/?id=52033
03/08/1993 21:35,San Antonio Del Mar (Mexico),,Mexico,Disk,"San Antonio del Mar, Baja California 5 miles north of Rosarito Beach Monday, March 8, 1993, 9:35 p.m.

 Bright moonlit night",https://nuforc.org/sighting/?id=129350
03/08/1993 19:35,San Antonio del Mar (Mexico),,Mexico,Disk,Bright moonlit night with low fog on horizon No aircraft or boats off the coast of Baja California Bright lights appear at about 30 to,https://nuforc.org/sighting/?id=39904
01/15/1993 01:00,Puebla (Mexico),,Mexico,Circle,After seeing this U.F.O i have become more open minded.,https://nuforc.org/sighting/?id=90192
09/12/1992 23:30,San Luis Potosí (Mexico),,Mexico,Disk,"3 luminous objects, after being suspended in space, vanished at high speed, northbound.  Seen by two witnesses.",https://nuforc.org/sighting/?id=36337
12/01/1991 22:00,Reynosa (Mexico),,Mexico,Formation,THEY WERE FLYING AT AT A FAST SPEED,https://nuforc.org/sighting/?id=64312
06/01/1991 21:00,Zihautinejo (Mexico),,Mexico,Cylinder,I looked up from a Beach called Los gatos and saw three circular disc in triangle formation shift forward and left  out of sight,https://nuforc.org/sighting/?id=56365
11/17/1989 07:30,Ensenada (Mexico),,Mexico,Disk,A circular shaped craft  emiting three amber rays under it slowly hovering silently over the houses of the neighborhood .,https://nuforc.org/sighting/?id=46984
06/30/1988 23:00,Mexico (Pacific Ocean),,Mexico,Disk,WE WERE COMMERCIAL NET FISHING SWORDFISH ABOUT 80 MILES INTO MEXICO ABOUT 120 MILES OF SHORE JUST SOUTH OF SAN DEIGO  THE NET IS A MILE,https://nuforc.org/sighting/?id=98043
06/01/1985 18:00,Michoacan (Mexico),,Mexico,Disk,dark gray with lights around it,https://nuforc.org/sighting/?id=3259
08/15/1984 22:30,Mexico,,Mexico,Light,8/15/84    22:30    intense white light with two spheres        10 minutes     Object rises over desert accompanied by two spheres .,https://nuforc.org/sighting/?id=7737
07/01/1984 07:00,Morelia (Mexico),,Mexico,Sphere,Orange spheres close to homes in Mexico.,https://nuforc.org/sighting/?id=26888
02/16/1984 23:00,"Guadalajara, Jalisco (Mexico)",,Mexico,Formation,it happend while on a road to guadalajara jalisco mexico my 3 brothers ans sister are witnesses of seeing 5 objects flying very high in,https://nuforc.org/sighting/?id=18807
