Occurred,City,State_x,Country,Shape,Summary,Link,Lat,Lng
2024-05-15 02:20:00,Mazatlan,Sinaloa,Mexico,Light,Lights dropping from very high altitude and then heading south. Different locations and at differing interludes.,https://nuforc.org/sighting/?id=181515,23.2167,-106.4167
2021-01-24 09:00:00,Mazatlan,Sinaloa,Mexico,Sphere,I noticed a perfectly round ball traveling southbound on 1/24/21 at appt 9:00 a.m. in Mazatlan Mexico.  I thought it was a balloon at f,https://nuforc.org/sighting/?id=161740,23.2167,-106.4167
2019-01-08 21:30:00,Mazatlan,Sinaloa,Mexico,Circle,We were sitting at the beach and looked up to see a ufo flying over us. It was circular and had two smaller circular ones that kept cha,https://nuforc.org/sighting/?id=145434,23.2167,-106.4167
2001-12-01 21:10:00,Mazatlan,Sinaloa,Mexico,Light,about 300 saw a bright comet-like object flying too fast and too low from SW to NE at 21:10 on 12/2/01 at about 23°N106W,https://nuforc.org/sighting/?id=50175,23.2167,-106.4167
2000-05-07 20:00:00,Mazatlan,Sinaloa,Mexico,Unknown,I have 20 minutes of film but no one seams intrested to even look at it It looks like an object moving away from you as bright as any s,https://nuforc.org/sighting/?id=12584,23.2167,-106.4167
2024-05-12 20:58:00,Leon de los Aldama,Guanajuato,Mexico,Cylinder,"We observed a very large (500-1500 ft long), dark, unlit, flying object flying below 10,000 ft down the Chico valley.",https://nuforc.org/sighting/?id=181495,21.1167,-101.6833
2016-02-11 22:00:00,Leon de los Aldama,Guanajuato,Mexico,Light,Two bright orange light that appeared in the sky over the Pacific Ocean . Disappears for 1min and reappear in a parallel allagment and,https://nuforc.org/sighting/?id=125799,21.1167,-101.6833
2015-01-17 22:00:00,Leon de los Aldama,Guanajuato,Mexico,Cigar,My daughters and i were coming home about 10pm.  We started opening our gate when we looked up in the sky and saw a orange light.,https://nuforc.org/sighting/?id=116769,21.1167,-101.6833
2006-06-26 21:30:00,Leon de los Aldama,Guanajuato,Mexico,Light,bright light omitting a fog light appearance toward earth,https://nuforc.org/sighting/?id=50708,21.1167,-101.6833
2005-03-15 23:45:00,Leon de los Aldama,Guanajuato,Mexico,Disk,"A large radiating craft seen above Playa Paraiso beach, 3 hours from Acapulco.",https://nuforc.org/sighting/?id=41999,21.1167,-101.6833
2024-05-09 21:38:00,San Jose del Cabo,Baja California Sur,Mexico,Triangle,"We saw a triangular/round bright light in the sky moving quickly, it then completely disappeared even though the sky had no clouds.",https://nuforc.org/sighting/?id=181446,23.0614,-109.7081
2014-12-31 23:30:00,San Jose del Cabo,Baja California Sur,Mexico,Triangle,Two triangular lights over San Jose del Cabo New Year's eve.  I was not drinking.,https://nuforc.org/sighting/?id=116389,23.0614,-109.7081
2014-04-19 20:00:00,San Jose del Cabo,Baja California Sur,Mexico,Other,Bright object approached from south and changed color and sped away.  Repeated 4 x in one hour.,https://nuforc.org/sighting/?id=108831,23.0614,-109.7081
2013-03-05 20:00:00,San Jose del Cabo,Baja California Sur,Mexico,Light,Rectangular flash of light fly ¾ of the way across the sky.  It flew across the sky very fast and disappeared ¾ of the way from reachin,https://nuforc.org/sighting/?id=99032,23.0614,-109.7081
2012-08-22 19:00:00,San Jose del Cabo,Baja California Sur,Mexico,Light,3 UFO’s holding a triangular position adjacent to the moon for 2+ hours.,https://nuforc.org/sighting/?id=88029,23.0614,-109.7081
2011-11-29 22:30:00,San Jose del Cabo,Baja California Sur,Mexico,Unknown,"UFO appeared, got fuzzy, disappeared, full moon appeared for few seconds then disappeared",https://nuforc.org/sighting/?id=85580,23.0614,-109.7081
2011-10-21 22:30:00,San Jose del Cabo,Baja California Sur,Mexico,Light,"Flashing On and Off Star-Like light over San Jose del Cabo, Baja Sur, Mexico",https://nuforc.org/sighting/?id=84217,23.0614,-109.7081
2008-10-25 19:30:00,San Jose del Cabo,Baja California Sur,Mexico,Fireball,Orange fiery shapes at just above sea level  travelling in southern direction toward Cabo San Lucas,https://nuforc.org/sighting/?id=66087,23.0614,-109.7081
2007-12-23 04:00:00,San Jose del Cabo,Baja California Sur,Mexico,Unknown,"Bright light over San Jose del Cabo, Baja Mexico around 4:00 AM. About 35 degrees above the horizon moving slowly to west.",https://nuforc.org/sighting/?id=62537,23.0614,-109.7081
2000-12-08 19:00:00,San Jose del Cabo,Baja California Sur,Mexico,Sphere,It was the most amazing sight I've ever seen.,https://nuforc.org/sighting/?id=12983,23.0614,-109.7081
2024-02-26 19:40:00,Xico,Veracruz,Mexico,Orb,I was walking down the street coming to my home when i stoped to see the stars when I saw an Orange orb,https://nuforc.org/sighting/?id=180712,19.417,-97.0
2022-03-12 23:35:00,Xico,Veracruz,Mexico,Other,At least six lights locked together like attached to a dark hidden object moving slowly from north to south between two large t,https://nuforc.org/sighting/?id=170789,19.417,-97.0
2010-07-20 15:30:00,Xico,Veracruz,Mexico,Chevron,A small ovni in Mexicos Sky,https://nuforc.org/sighting/?id=76279,19.417,-97.0
2008-12-12 00:00:00,Xico,Veracruz,Mexico,Light,Ball of light following plane for hours.,https://nuforc.org/sighting/?id=70412,19.417,-97.0
2005-08-14 14:02:00,Xico,Veracruz,Mexico,Cone,"This sigthtin occurs a day after a sismologic event in mexico city, the ufo was seen in an area called mexican volcanos, a common area",https://nuforc.org/sighting/?id=44475,19.417,-97.0
1995-09-02 18:30:00,Xico,Veracruz,Mexico,Oval,I was like 10 years old when I saw an oval shape object flying into a mountain hill and sit for around 2 min and after that was gone.,https://nuforc.org/sighting/?id=39447,19.417,-97.0
2023-12-28 20:49:00,Acapulco de Juarez,Guerrero,Mexico,Circle,Maybe drone or maybe ufo,https://nuforc.org/sighting/?id=179884,16.8636,-99.8825
2014-12-30 03:00:00,Acapulco de Juarez,Guerrero,Mexico,Circle,"Large, bright circle seen descending quickly near the horizon.",https://nuforc.org/sighting/?id=116989,16.8636,-99.8825
2005-11-20 20:00:00,Acapulco de Juarez,Guerrero,Mexico,Circle,after work we 3  ships  flying  across the sky in acapulco in mexico,https://nuforc.org/sighting/?id=47547,16.8636,-99.8825
2023-12-03 20:25:00,San Cristobal,Chiapas,Mexico,Diamond,Object floated slowly over a radio tower that was decorated with X-Mas lights. It did not blinlk. Too big to be a.drone.,https://nuforc.org/sighting/?id=179573,16.7367,-92.6383
2023-11-28 00:30:00,Tenancingo,México,Mexico,Diamond,Went to room to sit on balcony and spotted bright light moving very fast,https://nuforc.org/sighting/?id=180078,18.9608,-99.5906
2022-11-04 09:15:00,Tenancingo,México,Mexico,Cylinder,I found it later on my phone,https://nuforc.org/sighting/?id=173240,18.9608,-99.5906
2022-04-07 21:49:00,Tenancingo,México,Mexico,Light,One solid light and one blinking light moving separately very erratically.,https://nuforc.org/sighting/?id=167420,18.9608,-99.5906
,Tenancingo,México,,Unknown,,https://nuforc.org/sighting/?id=107943,18.9608,-99.5906
,Tenancingo,México,,Unknown,,https://nuforc.org/sighting/?id=73211,18.9608,-99.5906
2006-07-03 00:00:00,Tenancingo,México,Mexico,Circle,"UFO craft  witnessed Jalisco, Mexico",https://nuforc.org/sighting/?id=51146,18.9608,-99.5906
,Tenancingo,México,,Unknown,,https://nuforc.org/sighting/?id=26233,18.9608,-99.5906
2000-01-01 01:00:00,Tenancingo,México,Mexico,Light,Red/Orange light in the sky.,https://nuforc.org/sighting/?id=44552,18.9608,-99.5906
2023-11-01 21:30:00,Tlaxcala,Tlaxcala,Mexico,Orb,Orb moving at high speed and performing unconventional maneuvers in an area that is not an air traffic zone,https://nuforc.org/sighting/?id=181099,19.3125,-98.24
2023-10-12 20:55:00,Cancun,Quintana Roo,Mexico,Orb,We saw Orb during our vacation in Cancun from our hotel lobby.,https://nuforc.org/sighting/?id=178993,21.1606,-86.8475
2023-10-12 20:55:00,Cancun,Quintana Roo,Mexico,Orb,Saw an orb from the balcony of Cancun hotel,https://nuforc.org/sighting/?id=179903,21.1606,-86.8475
2023-03-04 21:44:00,Cancun,Quintana Roo,Mexico,Star,"South south west of Orion, between Sirius and 1 hand of Orion",https://nuforc.org/sighting/?id=174875,21.1606,-86.8475
2023-02-07 22:00:00,Cancun,Quintana Roo,Mexico,Other,Round metallic ball UFO,https://nuforc.org/sighting/?id=174527,21.1606,-86.8475
2022-08-29 06:15:00,Cancun,Quintana Roo,Mexico,Light,Bright object in the sky,https://nuforc.org/sighting/?id=171528,21.1606,-86.8475
2022-04-19 22:30:00,Cancun,Quintana Roo,Mexico,Star,"Looking at stars, we noticed a shooting star moving in an unnatural way.",https://nuforc.org/sighting/?id=167543,21.1606,-86.8475
2015-01-08 23:13:00,Cancun,Quintana Roo,Mexico,Orb,"I took  these pictures on my iPad, I was only taking the moon at the time, but next day saw these on the picture. 2 long cylindrical sh",https://nuforc.org/sighting/?id=116947,21.1606,-86.8475
2010-04-05 19:00:00,Cancun,Quintana Roo,Mexico,Triangle,The object was glowing green and red. At times it went to just green and then white. Was usually green for the most part with red,https://nuforc.org/sighting/?id=74153,21.1606,-86.8475
2009-03-15 20:15:00,Cancun,Quintana Roo,Mexico,Light,"While on vacation in Cancun Mexico we stayed in the hotel  zone. On Sunday night March 15, 2009 at approximately 8:15 p.m., we were sit",https://nuforc.org/sighting/?id=69395,21.1606,-86.8475
2009-03-14 18:30:00,Cancun,Quintana Roo,Mexico,Cigar,"cigar-shaped orange emitting light over the beach in Cancun, Mexico",https://nuforc.org/sighting/?id=69190,21.1606,-86.8475
2008-02-02 01:53:00,Cancun,Quintana Roo,Mexico,Light,Two bright lights zigzaging over Cancun,https://nuforc.org/sighting/?id=61646,21.1606,-86.8475
2007-04-21 23:00:00,Cancun,Quintana Roo,Mexico,Unknown,"Star like object on northerly course makes 120 degree turn, moves erratically and stops, vanishes",https://nuforc.org/sighting/?id=56220,21.1606,-86.8475
2007-03-03 21:30:00,Cancun,Quintana Roo,Mexico,Light,We observed a faint orange-red light coming from the north,https://nuforc.org/sighting/?id=55367,21.1606,-86.8475
2007-02-06 21:00:00,Cancun,Quintana Roo,Mexico,Other,"Saw an unidentified craft with outstanding maneuverablility and silent operation on the coast of Cancun, Mexico.",https://nuforc.org/sighting/?id=54266,21.1606,-86.8475
2006-12-20 20:20:00,Cancun,Quintana Roo,Mexico,Unknown,flashing lights over the Carribean for several days,https://nuforc.org/sighting/?id=54052,21.1606,-86.8475
2006-08-07 23:00:00,Cancun,Quintana Roo,Mexico,Light,Red shooting star changed directions and went back into space.,https://nuforc.org/sighting/?id=52503,21.1606,-86.8475
2005-12-28 20:00:00,Cancun,Quintana Roo,Mexico,Other,"multicolored ""Star"" changing formation.  ((NUFORC Note:  Possible sighting of Sirius??  PD))",https://nuforc.org/sighting/?id=48366,21.1606,-86.8475
2004-08-24 19:15:00,Cancun,Quintana Roo,Mexico,Cigar,"A huge object off the coast of Cancun, Mexico",https://nuforc.org/sighting/?id=44440,21.1606,-86.8475
2004-07-20 01:00:00,Cancun,Quintana Roo,Mexico,Light,"Satallite with a mind of its own?? Riviera Maya, Mexico",https://nuforc.org/sighting/?id=108983,21.1606,-86.8475
2004-06-05 21:00:00,Cancun,Quintana Roo,Mexico,Orb,"high speed light that can change course in a second, in high orbit.",https://nuforc.org/sighting/?id=37204,21.1606,-86.8475
2004-05-26 01:00:00,Cancun,Quintana Roo,Mexico,Other,Show in the sky!,https://nuforc.org/sighting/?id=37301,21.1606,-86.8475
2004-04-18 02:00:00,Cancun,Quintana Roo,Mexico,Triangle,Triangular shaped illuminating object hovering over the ocean near Cancun Mexico.  ((NUFORC Note:  Sighting of a planet??  PD)),https://nuforc.org/sighting/?id=36870,21.1606,-86.8475
2004-02-12 21:00:00,Cancun,Quintana Roo,Mexico,Light,Star-like objects turning and moving at different directions and sometimes at incredible speed.,https://nuforc.org/sighting/?id=33629,21.1606,-86.8475
2003-11-26 17:00:00,Cancun,Quintana Roo,Mexico,Unknown,"WAS  JUST BEFORE SUNSET,  AIRCRAFT  MIDLE ALTITUDE, FLYING FROM NORTH EAST TO SOUT WEST APERA LIKE A SPACE CRAFT  ENTERING THE ATHMOSFE",https://nuforc.org/sighting/?id=33108,21.1606,-86.8475
2003-06-02 22:00:00,Cancun,Quintana Roo,Mexico,Light,I am compelled to relay this recent experience of mine to anyone that may usefully document it.  Keep in mind it's an account written b,https://nuforc.org/sighting/?id=29011,21.1606,-86.8475
2003-04-24 01:00:00,Cancun,Quintana Roo,Mexico,Fireball,"Red fireball moving across the night sky in Cancun, Mexico",https://nuforc.org/sighting/?id=30694,21.1606,-86.8475
2002-12-24 04:00:00,Cancun,Quintana Roo,Mexico,Other,'dancing' lights that looked like starts zig-zagging and doing other incredible manouveres in Cancun Mexico,https://nuforc.org/sighting/?id=27202,21.1606,-86.8475
2002-08-13 06:30:00,Cancun,Quintana Roo,Mexico,Disk,"Digital picture from caribean sun raise taken from hotel window.

UFO in picture found months later while looking at .ppt presentatio",https://nuforc.org/sighting/?id=23459,21.1606,-86.8475
2001-06-10 23:00:00,Cancun,Quintana Roo,Mexico,Light,2001-06 Cancun Mexico - distant bright orange dancing light,https://nuforc.org/sighting/?id=17630,21.1606,-86.8475
2001-04-17 20:45:00,Cancun,Quintana Roo,Mexico,Light,"A small star like light, making sharp turns in the area of Ursa Major (The Big Dipper)",https://nuforc.org/sighting/?id=26752,21.1606,-86.8475
2001-04-16 22:00:00,Cancun,Quintana Roo,Mexico,Triangle,"Perfectly shaped triangle of stars, extremely fast moving, two stars circling each other.",https://nuforc.org/sighting/?id=18508,21.1606,-86.8475
2000-06-24 23:00:00,Cancun,Quintana Roo,Mexico,Sphere,Around 11pm on 06/24 My wife and I Noticed   Circular shape beams of light  with a Halo like circle around them.  They were traveling n,https://nuforc.org/sighting/?id=38296,21.1606,-86.8475
2000-05-27 00:30:00,Cancun,Quintana Roo,Mexico,Cigar,WAS SITTING ON THE BEACH AND STARGAZING WHEN I SEEN A SHOOTONG STAR OR THOUGHT IT WAS I DIDN'T NOTICE ANY LIGHTS JUST THAT IT WAS MOVIN,https://nuforc.org/sighting/?id=68459,21.1606,-86.8475
2000-01-03 23:00:00,Cancun,Quintana Roo,Mexico,Star,"Saw 17 formation N making back and forth up down mnvrs then turned S, one stopped in front of us",https://nuforc.org/sighting/?id=9791,21.1606,-86.8475
1999-02-28 22:00:00,Cancun,Quintana Roo,Mexico,Changing,Satilite like object then growing bright changing direction and moving rapidly upwards.,https://nuforc.org/sighting/?id=5322,21.1606,-86.8475
1999-01-09 22:00:00,Cancun,Quintana Roo,Mexico,Unknown,i always and looking for satellites. this particular night i thought i had found one because of the speed that the light was moving was,https://nuforc.org/sighting/?id=5016,21.1606,-86.8475
1996-09-20 23:30:00,Cancun,Quintana Roo,Mexico,Light,3 dull orange lights closely clustered traveling from NNW to SSE. Traveling at high altitude & rate of speed with a abrupt jog to the e,https://nuforc.org/sighting/?id=35319,21.1606,-86.8475
1996-08-14 22:00:00,Cancun,Quintana Roo,Mexico,Other,Points of lights in Cancun 96,https://nuforc.org/sighting/?id=68707,21.1606,-86.8475
1995-01-19 22:00:00,Cancun,Quintana Roo,Mexico,Chevron,Glowing objects flying over Cancun,https://nuforc.org/sighting/?id=11872,21.1606,-86.8475
2023-09-17 21:51:00,Monterrey,Nuevo León,Mexico,Orb,"4 lights on the sky moving, faster and lower than a plane. Static biggest light it's a radio antena on a mountain",https://nuforc.org/sighting/?id=179119,25.6667,-100.3
2021-02-28 21:50:00,Monterrey,Nuevo León,Mexico,Changing,"I was putting my clothes to dry, when i noticed something floating but moving slowly in the sky , floating realtively close to the hous",https://nuforc.org/sighting/?id=162247,25.6667,-100.3
2013-12-24 21:30:00,Monterrey,Nuevo León,Mexico,Fireball,Red and Yellow Flashing Object Moving Very slowly and Some other 4 with the same Shape Flying like in Formation,https://nuforc.org/sighting/?id=105110,25.6667,-100.3
2013-01-13 00:10:00,Monterrey,Nuevo León,Mexico,Light,Red light approaching stopped his movement.,https://nuforc.org/sighting/?id=94764,25.6667,-100.3
2011-12-04 06:25:00,Monterrey,Nuevo León,Mexico,Light,An orange ball of light was faster than a plane or helicopter and disappeared,https://nuforc.org/sighting/?id=87855,25.6667,-100.3
2007-05-25 13:00:00,Monterrey,Nuevo León,Mexico,Disk,MEXICAN GOVERNMENT OFFICIALS RECOVER AND CONFISCATE OBJECT THAT FELL FROM SKY,https://nuforc.org/sighting/?id=56375,25.6667,-100.3
2006-06-07 14:36:00,Monterrey,Nuevo León,Mexico,Sphere,go to fast speed,https://nuforc.org/sighting/?id=56723,25.6667,-100.3
2005-01-01 06:51:00,Monterrey,Nuevo León,Mexico,Egg,"i was just taking pictures of night view with my digital camera, and i suddenly realized that i took a picture of UFO",https://nuforc.org/sighting/?id=41307,25.6667,-100.3
2005-01-01 00:30:00,Monterrey,Nuevo León,Mexico,Cross,"Object moves from west to east, makes a u-turn, and goes back west. Glows orange. Repeat of 12-24 event.",https://nuforc.org/sighting/?id=40754,25.6667,-100.3
2004-12-24 23:00:00,Monterrey,Nuevo León,Mexico,Cross,On December 24th at about 11:00pm a jet shaped objected moved across the sky glowing orange at a high altitude.,https://nuforc.org/sighting/?id=40684,25.6667,-100.3
2004-06-15 21:00:00,Monterrey,Nuevo León,Mexico,Orb,Big orb-shaped flying structure with multiple lights coming from it.,https://nuforc.org/sighting/?id=37268,25.6667,-100.3
2002-12-04 01:00:00,Monterrey,Nuevo León,Mexico,Unknown,"There was many objects stopping traffic on a major highway outside Monterrey, Mexico",https://nuforc.org/sighting/?id=25089,25.6667,-100.3
2023-08-25 11:25:00,El Pueblito,Querétaro,Mexico,Formation,"A series of light orbits (6 flashes) crossed the night sky, from one horizon to the other.",https://nuforc.org/sighting/?id=179128,20.5397,-100.4414
2023-06-04 18:30:00,Playas de Rosarito,Baja California,Mexico,Orb,"A photo taken just before sunset revealed glowing green orb, illuminating cloud and ocean",https://nuforc.org/sighting/?id=177638,32.3422,-117.0561
2021-03-01 17:43:00,Playas de Rosarito,Baja California,Mexico,Other,Kite looking hexagram above Rosarito Beach.,https://nuforc.org/sighting/?id=162323,32.3422,-117.0561
2020-02-15 19:50:00,Playas de Rosarito,Baja California,Mexico,Light,Look like  small Moon over water,https://nuforc.org/sighting/?id=153330,32.3422,-117.0561
2004-06-30 03:00:00,Playas de Rosarito,Baja California,Mexico,Unknown,"It put its hand near my face, but stopped and spoke to another one that told him to leave me alone, for they were ""done here.""",https://nuforc.org/sighting/?id=180881,32.3422,-117.0561
2023-05-09 21:38:00,Tecate,Baja California,Mexico,Light,Dancing Lights,https://nuforc.org/sighting/?id=175723,32.5722,-116.6403
2023-02-27 19:54:00,Cozumel,Quintana Roo,Mexico,Sphere,"Light approached Cozumel at ~ 15,000ft. No sound. Stopped and hovered above for ~ 5 seconds and then shot off and vanished within secon",https://nuforc.org/sighting/?id=174741,20.5104,-86.9493
2014-11-10 17:30:00,Cozumel,Quintana Roo,Mexico,Orb,Green orb with 5 white dots.,https://nuforc.org/sighting/?id=115327,20.5104,-86.9493
2005-05-23 11:45:00,Cozumel,Quintana Roo,Mexico,Formation,we watch alot of shows on this subject and what we have in this picture closely resembles a UFO formation,https://nuforc.org/sighting/?id=43753,20.5104,-86.9493
2005-01-18 09:00:00,Cozumel,Quintana Roo,Mexico,Other,While on a cruise NCL Spirit before leaving the ship I saw the sun trying to break through the clouds I took a picture with ray coming,https://nuforc.org/sighting/?id=41343,20.5104,-86.9493
2003-08-01 00:15:00,Cozumel,Quintana Roo,Mexico,Circle,Strange lights seen off a cruise ship in the Caribbean.,https://nuforc.org/sighting/?id=29603,20.5104,-86.9493
2023-02-20 19:20:00,Oaxaca,Oaxaca,Mexico,Disk,Photo captured unseen potential UAP.,https://nuforc.org/sighting/?id=174725,17.0606,-96.7253
2021-12-06 20:30:00,Oaxaca,Oaxaca,Mexico,Light,"Light descended toward steep mountains then blinked out. Later, same one, or different, went horizontally and blinked out.",https://nuforc.org/sighting/?id=165757,17.0606,-96.7253
2021-12-06 20:00:00,Oaxaca,Oaxaca,Mexico,Light,Two bright objects that defied normal aircraft behavior.,https://nuforc.org/sighting/?id=165746,17.0606,-96.7253
2021-10-28 20:00:00,Oaxaca,Oaxaca,Mexico,Chevron,Dimply Lit Chevron Over Oaxaca. ((NUFORC Note:  We have corrected the date.  PD)),https://nuforc.org/sighting/?id=165152,17.0606,-96.7253
2021-10-28 20:00:00,Oaxaca,Oaxaca,Mexico,Chevron,Dimly Lit Chevron Over Oaxaca. ((NUFORC Note:  Wee have corrected the date.  PD)),https://nuforc.org/sighting/?id=165153,17.0606,-96.7253
2023-02-02 18:36:00,Merida,Yucatán,Mexico,Sphere,"Luminous sphere with photon cloud in front, emitting light from the center out of its wings as if it were a holographic light and flash",https://nuforc.org/sighting/?id=174740,20.97,-89.62
2022-07-08 12:14:00,Merida,Yucatán,Mexico,Disk,I was on vacation in Mexico and I took my BeReal picture and I later noticed the UFO in the background.,https://nuforc.org/sighting/?id=172575,20.97,-89.62
2006-05-09 21:15:00,Merida,Yucatán,Mexico,Cigar,The object fly in to W-NW direction. The object changed by red-blue colors. The object appear in the sky and desappear in seconds,https://nuforc.org/sighting/?id=50236,20.97,-89.62
2005-12-31 23:00:00,Merida,Yucatán,Mexico,Fireball,"Decenas de esferas de colores en elcielo nocturno de Mérida, Yucatán,México.",https://nuforc.org/sighting/?id=62034,20.97,-89.62
2022-11-14 00:48:00,Puerto Vallarta,Jalisco,Mexico,Light,Slow moving comet like,https://nuforc.org/sighting/?id=172985,20.6458,-105.2222
2020-10-26 04:17:00,Puerto Vallarta,Jalisco,Mexico,Changing,A cluster of oval shape objects lit up but change shape in videos or pics.,https://nuforc.org/sighting/?id=161226,20.6458,-105.2222
2018-04-20 06:30:00,Puerto Vallarta,Jalisco,Mexico,Light,Large white light speeds over Puerto Vallarta,https://nuforc.org/sighting/?id=139535,20.6458,-105.2222
2013-12-06 12:10:00,Puerto Vallarta,Jalisco,Mexico,Unknown,"Short vapor trail seen at very very high altitude over Puerto Vallarta, flying S to N at 12:10 PM..",https://nuforc.org/sighting/?id=104683,20.6458,-105.2222
2013-05-01 21:00:00,Puerto Vallarta,Jalisco,Mexico,Unknown,Missing 2.15 hours with my Aunt while in Mexico ...both of us have no idea,https://nuforc.org/sighting/?id=97261,20.6458,-105.2222
2012-09-02 01:20:00,Puerto Vallarta,Jalisco,Mexico,Disk,"Off the balcony of our hotel in Puerto Vallarta, Mexico, my fiancé and myself observed 4 bright orange lights.  Others appeared, too.",https://nuforc.org/sighting/?id=92080,20.6458,-105.2222
2012-03-20 17:48:00,Puerto Vallarta,Jalisco,Mexico,Light,"There were two lights that were white and blue moving abnormally fast near the Sierra Madre Mountains in Puerto Vallarta, Jalisco, MX",https://nuforc.org/sighting/?id=87166,20.6458,-105.2222
2012-02-09 23:45:00,Puerto Vallarta,Jalisco,Mexico,Other,"8 oranges lights with 3 dropping something into the ocean at Puerto Vallarta on 9  February 2012, at 23:00hrs.",https://nuforc.org/sighting/?id=87120,20.6458,-105.2222
2012-01-21 20:00:00,Puerto Vallarta,Jalisco,Mexico,Light,"Orange light in sky, silent, moving slowly.",https://nuforc.org/sighting/?id=86499,20.6458,-105.2222
2009-05-15 21:00:00,Puerto Vallarta,Jalisco,Mexico,Sphere,Huge Sphere over  Puerto Vallarta Mexico,https://nuforc.org/sighting/?id=69637,20.6458,-105.2222
2008-02-08 20:40:00,Puerto Vallarta,Jalisco,Mexico,Cone,"They came from the West, changed directions numerous times and were very visible to the naked eye.",https://nuforc.org/sighting/?id=62328,20.6458,-105.2222
2008-02-03 21:45:00,Puerto Vallarta,Jalisco,Mexico,Circle,two round objects travelled in complete silence over water as I watched from my hotel room,https://nuforc.org/sighting/?id=61493,20.6458,-105.2222
2007-04-07 09:42:00,Puerto Vallarta,Jalisco,Mexico,Unknown,"UFO Puerto Valarta Captured On Photo April 07, 2007",https://nuforc.org/sighting/?id=56183,20.6458,-105.2222
2007-04-07 09:30:00,Puerto Vallarta,Jalisco,Mexico,Oval,"UFO Captured in Photo - Puerto Vallarta , Mexico",https://nuforc.org/sighting/?id=56188,20.6458,-105.2222
2007-01-01 01:00:00,Puerto Vallarta,Jalisco,Mexico,Circle,"bright orange light over puerto vallarta, mex.  new years 1am.",https://nuforc.org/sighting/?id=54107,20.6458,-105.2222
2006-02-02 18:30:00,Puerto Vallarta,Jalisco,Mexico,Disk,"Irreguelar ""cloud"" formations in sky above Bahia de Banderas.",https://nuforc.org/sighting/?id=50157,20.6458,-105.2222
2006-02-01 22:50:00,Puerto Vallarta,Jalisco,Mexico,Formation,"Five reddish orange lights moving at very fast , floating speeds in a formation.  Dog got agitated as it got closer.",https://nuforc.org/sighting/?id=48583,20.6458,-105.2222
2005-12-02 19:37:00,Puerto Vallarta,Jalisco,Mexico,Unknown,"bright strobe light ufo seen over bay in puerto vallarta, mexico",https://nuforc.org/sighting/?id=48517,20.6458,-105.2222
2004-11-23 19:00:00,Puerto Vallarta,Jalisco,Mexico,Circle,Large spheric objects in the sky.,https://nuforc.org/sighting/?id=40567,20.6458,-105.2222
2004-11-10 20:11:00,Puerto Vallarta,Jalisco,Mexico,Light,"Odd lights remain over the Bay of Banderes, Puerto Vallarta, Mexico.… ((NUFORC Note:  Possibly stars, we suspect.  PD))",https://nuforc.org/sighting/?id=45576,20.6458,-105.2222
2004-11-09 03:30:00,Puerto Vallarta,Jalisco,Mexico,Light,"Odd light formations over Banderas Bay in Puerto Vallarta, Mexico...",https://nuforc.org/sighting/?id=50918,20.6458,-105.2222
2004-05-17 22:00:00,Puerto Vallarta,Jalisco,Mexico,Light,A flashing red and white light making irratic movements and hovering at length before disappearing.,https://nuforc.org/sighting/?id=36918,20.6458,-105.2222
2003-10-23 00:10:00,Puerto Vallarta,Jalisco,Mexico,Light,bright white lights over the Sierra Madres in Mexico,https://nuforc.org/sighting/?id=31456,20.6458,-105.2222
2002-09-01 20:30:00,Puerto Vallarta,Jalisco,Mexico,Other,"Something definitely seen and video taped while vacationing in Puerto Vallarta, Mex.",https://nuforc.org/sighting/?id=26290,20.6458,-105.2222
1999-03-04 21:00:00,Puerto Vallarta,Jalisco,Mexico,Fireball,"Orange object moving from north to south in the western sky in Puerto Vallarta, Mexico.",https://nuforc.org/sighting/?id=5811,20.6458,-105.2222
1996-05-15 00:00:00,Puerto Vallarta,Jalisco,Mexico,Diamond,4 diamond shaped light over the ocean in Mexico in May of 1996,https://nuforc.org/sighting/?id=8453,20.6458,-105.2222
2022-11-03 19:22:00,Madera,Chihuahua,Mexico,Fireball,Craft With Huge Tail Drops Tail and Travels Up and Away,https://nuforc.org/sighting/?id=172656,29.19,-108.1414
2022-08-09 03:30:00,Tijuana,Baja California,Mexico,Light,Green blue propulsion with sharp banking manuever,https://nuforc.org/sighting/?id=171018,32.525,-117.0333
2019-09-29 19:35:00,Tijuana,Baja California,Mexico,Other,My remote started  glowing (again) and continued to do so after I took out the batteries.(again)  I noticed it after my dog got up off,https://nuforc.org/sighting/?id=149327,32.525,-117.0333
2017-09-22 04:30:00,Tijuana,Baja California,Mexico,Light,BRIGHT LIGHT OVER TJ SUBURVS.,https://nuforc.org/sighting/?id=136301,32.525,-117.0333
2014-10-25 11:10:00,Tijuana,Baja California,Mexico,Light,I saw about 7 starlike objects at 11 am. Very static. One of them was orangeish. One of them moved at a very slow velocity.,https://nuforc.org/sighting/?id=114801,32.525,-117.0333
2013-12-24 21:30:00,Tijuana,Baja California,Mexico,Triangle,Huge triangle shaped craft over Tijuana.,https://nuforc.org/sighting/?id=105704,32.525,-117.0333
2013-11-09 18:45:00,Tijuana,Baja California,Mexico,Light,"Red/orange bright lights around 10, moving very slowly starting a formation.",https://nuforc.org/sighting/?id=106774,32.525,-117.0333
2011-12-23 22:15:00,Tijuana,Baja California,Mexico,Fireball,"Fireballs in Tijuana,Mexico s night sky  Dec 23 2011",https://nuforc.org/sighting/?id=85669,32.525,-117.0333
2011-10-29 23:40:00,Tijuana,Baja California,Mexico,Sphere,fireball,https://nuforc.org/sighting/?id=84962,32.525,-117.0333
2007-03-09 18:22:00,Tijuana,Baja California,Mexico,Sphere,circule on the sun in the midtle of it. 5 or 6 pictures same mark diferent camera.,https://nuforc.org/sighting/?id=55604,32.525,-117.0333
2006-08-20 16:34:00,Tijuana,Baja California,Mexico,Cigar,it aperd for a 3 second period standing statik long silver object,https://nuforc.org/sighting/?id=51519,32.525,-117.0333
2005-11-01 18:00:00,Tijuana,Baja California,Mexico,Light,i was in Mexico visting my grandparents. I walked to the supermarket  to get bread and milk for them since they love to eat that for di,https://nuforc.org/sighting/?id=47027,32.525,-117.0333
2004-04-26 20:50:00,Tijuana,Baja California,Mexico,Light,Saw UFO outside Airplane Window.,https://nuforc.org/sighting/?id=52305,32.525,-117.0333
2004-01-17 10:35:00,Tijuana,Baja California,Mexico,Other,"Imagine the space shuttle on steoids, with stubby X-15 like wings. Object flew overhead, fast and low, then rose quicly, at one point i",https://nuforc.org/sighting/?id=33535,32.525,-117.0333
2003-09-13 17:25:00,Tijuana,Baja California,Mexico,Egg,"El objeto estaba inmovil  en el aire, era de un color plateado y en forma de huevo.",https://nuforc.org/sighting/?id=31477,32.525,-117.0333
2003-09-13 17:10:00,Tijuana,Baja California,Mexico,Oval,Gray object above a mount left a trail to the south,https://nuforc.org/sighting/?id=31303,32.525,-117.0333
2003-09-10 15:30:00,Tijuana,Baja California,Mexico,Sphere,3 esferas plateadas  estaban estaticas en el aire a una distancia de 1 kilometro.,https://nuforc.org/sighting/?id=31105,32.525,-117.0333
2002-08-25 13:00:00,Tijuana,Baja California,Mexico,Disk,This thing was long approx. 200ft and thin. Silver metallic but shiny nothing like an airplane or anything I've ever seen before. We di,https://nuforc.org/sighting/?id=23815,32.525,-117.0333
2002-08-24 19:15:00,Tijuana,Baja California,Mexico,Disk,ovni o ?,https://nuforc.org/sighting/?id=23763,32.525,-117.0333
2002-01-01 00:10:00,Tijuana,Baja California,Mexico,Circle,"Object was red,round and no sound flew for awhile the went in to the sky and vanished",https://nuforc.org/sighting/?id=18201,32.525,-117.0333
2000-02-15 23:00:00,Tijuana,Baja California,Mexico,Flash,la estrella estuvo estatica por lo menos 30 min y su uida fue espectacular ni el mas moderno avion aria eso!,https://nuforc.org/sighting/?id=10547,32.525,-117.0333
1999-01-09 02:39:00,Tijuana,Baja California,Mexico,Rectangle,A white flash of light moving east to west stopped for one second in the shape of a green rectangle with round corners.  Then It procee,https://nuforc.org/sighting/?id=5254,32.525,-117.0333
2022-06-05 21:54:00,Cabo San Lucas,Baja California Sur,Mexico,Formation,UFO siting appeared while taking pictures of the scenery from rooftop of hotel,https://nuforc.org/sighting/?id=168565,22.8897,-109.9156
2021-12-15 11:30:00,Cabo San Lucas,Baja California Sur,Mexico,Light,"Saw bright moving objects in mid day sun, clear sky over ocean. One sped across the other super-fast. The 2nd came across sky, turned s",https://nuforc.org/sighting/?id=165880,22.8897,-109.9156
2021-01-02 09:30:00,Cabo San Lucas,Baja California Sur,Mexico,Unknown,((NUFORC Note:  Witness does not provide any detailed information.  PD)),https://nuforc.org/sighting/?id=161414,22.8897,-109.9156
2014-12-25 00:00:00,Cabo San Lucas,Baja California Sur,Mexico,Teardrop,Cabo San Lucas Christmas lights.,https://nuforc.org/sighting/?id=116322,22.8897,-109.9156
2013-07-12 23:00:00,Cabo San Lucas,Baja California Sur,Mexico,Other,"((HOAX??))  The sky is very clear filled with an array of stars.  There is a yellowish, slightly reddish starlike object flashing.",https://nuforc.org/sighting/?id=117826,22.8897,-109.9156
2013-04-20 18:15:00,Cabo San Lucas,Baja California Sur,Mexico,Other,11 +/- white 'dots' around the rising moon in Cabo,https://nuforc.org/sighting/?id=97181,22.8897,-109.9156
2011-09-18 22:30:00,Cabo San Lucas,Baja California Sur,Mexico,Other,Black flying object over Cabo San Lucas Hotel.  Had red lights coming from it from a distance.,https://nuforc.org/sighting/?id=83725,22.8897,-109.9156
2011-03-18 23:47:00,Cabo San Lucas,Baja California Sur,Mexico,Unknown,"Regular appearing and disappearing blinking lights over Cabo San Lucas, Mexico",https://nuforc.org/sighting/?id=80412,22.8897,-109.9156
2006-03-06 16:00:00,Cabo San Lucas,Baja California Sur,Mexico,Circle,A yellow/orange circle which looked as if it radiated heat was moving at such a fast speed that the pictures I took left a long rope,https://nuforc.org/sighting/?id=48965,22.8897,-109.9156
2006-01-19 23:15:00,Cabo San Lucas,Baja California Sur,Mexico,Other,"4 star-like objects with a surrounding halo appeared in succession to form an arc northeast of and close to the moon, then suddenly dis",https://nuforc.org/sighting/?id=48731,22.8897,-109.9156
2004-08-02 22:15:00,Cabo San Lucas,Baja California Sur,Mexico,Other,large light object that stayed in sighting for approx. 20 to 25 minutes. moving west to east,https://nuforc.org/sighting/?id=38412,22.8897,-109.9156
2022-05-08 21:20:00,Tulum,Quintana Roo,Mexico,Star,"Small dot of light, looked like a satellite, moving in straight line. Then, sudden change of direction, significant change of speed.",https://nuforc.org/sighting/?id=167788,20.2119,-87.4658
2020-09-19 00:26:00,Tulum,Quintana Roo,Mexico,Circle,Fireball Cylinder Shaped Craft over Tulum.  Sspotted from Cozumel.,https://nuforc.org/sighting/?id=159478,20.2119,-87.4658
2020-07-08 23:10:00,Tulum,Quintana Roo,Mexico,Light,What appeared to be a star high in the sky came shooting down and hovered about 50 to 60 feet above me for about 30 seconds,https://nuforc.org/sighting/?id=180648,20.2119,-87.4658
2014-06-19 04:00:00,Tulum,Quintana Roo,Mexico,Disk,"Encounter with grey followed by picture of UFO same day in Tulum, Mexico",https://nuforc.org/sighting/?id=119998,20.2119,-87.4658
2010-05-15 12:00:00,Tulum,Quintana Roo,Mexico,Disk,You can clearly see a metallic disc craft in the top right corner of the photo above the mayan ruin. ((NUFORC Note:  Bird?  PD)),https://nuforc.org/sighting/?id=75342,20.2119,-87.4658
2006-04-23 12:06:00,Tulum,Quintana Roo,Mexico,Rectangle,Caught shot of possible UFO on Vacation near Mayan Ruins in Mexico,https://nuforc.org/sighting/?id=49797,20.2119,-87.4658
2005-02-04 12:00:00,Tulum,Quintana Roo,Mexico,Disk,Saucer over Tulum Ruins,https://nuforc.org/sighting/?id=41598,20.2119,-87.4658
2005-02-03 14:00:00,Tulum,Quintana Roo,Mexico,Triangle,Photographic picture,https://nuforc.org/sighting/?id=41345,20.2119,-87.4658
2003-12-02 21:00:00,Tulum,Quintana Roo,Mexico,Changing,"Bright multi-colored, pulsating cigar shaped object observed near Tulum,. Mexico",https://nuforc.org/sighting/?id=33418,20.2119,-87.4658
2022-02-23 14:00:00,Guadalupe,Nuevo León,Mexico,Sphere,I was doing a random search on Zoom Earth over the Pacific Ocean and found this image at the surface. See link.,https://nuforc.org/sighting/?id=166872,25.6775,-100.2597
2022-02-23 14:00:00,Guadalupe,Nuevo León,Mexico,Sphere,I was doing a random search on Zoom Earth over the Pacific Ocean and found this image at the surface. See link.,https://nuforc.org/sighting/?id=166872,22.7528,-102.5078
2022-01-20 18:00:00,Huejotzingo,Puebla,Mexico,Cigar,I was driving at 6pm from the airport and I spotted TWO cigar shapes near the volcano.,https://nuforc.org/sighting/?id=168579,19.1619,-98.4064
2021-12-31 22:00:00,Cuautla,Morelos,Mexico,Unknown,Typical UFO right above my head about 20 meters stopped then started slowly rising and later disappeared into the horizon,https://nuforc.org/sighting/?id=170787,18.8167,-98.95
2021-12-24 12:43:00,Mexico City,Ciudad de México,Mexico,Disk,Saw a possible ufo flying high on top of the temple on Xmas eve.,https://nuforc.org/sighting/?id=166195,19.4333,-99.1333
2020-12-02 19:00:00,Mexico City,Ciudad de México,mexico,Sphere,"is still live on webcams de mexico or quantum noticias, it has been ther for more than 24hrs, it was impresive at dawn!!!! https://www.",https://nuforc.org/sighting/?id=160942,19.4333,-99.1333
2020-06-13 23:00:00,Mexico City,Ciudad de México,Mexico,Other,Group of stationary objects/lights hovering over the outskirts of the city at height of maybe 1-3 kilometers,https://nuforc.org/sighting/?id=157033,19.4333,-99.1333
2017-09-20 14:00:00,Mexico City,Ciudad de México,Mexico,Circle,Not seen with naked eye.,https://nuforc.org/sighting/?id=136402,19.4333,-99.1333
2016-10-02 00:00:00,Mexico City,Ciudad de México,Mexico,Unknown,i was watching a webcam from Mexico on the Colima volcano..you get a new frame every 30 sec or so and all of a sudden there was a UFO a,https://nuforc.org/sighting/?id=130398,19.4333,-99.1333
2015-01-10 13:00:00,Mexico City,Ciudad de México,Mexico,Disk,Stationary disc watches Mexican volcano erupting!!,https://nuforc.org/sighting/?id=116623,19.4333,-99.1333
2014-04-05 21:00:00,Mexico City,Ciudad de México,Mexico,Triangle,"Photo texted to me by a female friend who lives here in Oakbrook, Illinois and her brother lives in Mexico.",https://nuforc.org/sighting/?id=108875,19.4333,-99.1333
2014-01-24 02:00:00,Mexico City,Ciudad de México,Mexico,Orb,"On 1/24/14, early am, 10 large orange orbs moved east  towards the Caribbean Sea over the Yucatan.",https://nuforc.org/sighting/?id=106284,19.4333,-99.1333
2013-10-25 11:11:00,Mexico City,Ciudad de México,Mexico,Cross,"Metalic objet in Mexico city.  ((NUFORC Note:  Photos show tiny, blurry, dark objects.  PD))",https://nuforc.org/sighting/?id=100055,19.4333,-99.1333
2012-01-05 05:53:00,Mexico City,Ciudad de México,Mexico,Light,1 White Light that Looked Like Moving Star. 2nd White Light Same but disappeared a few seconds later.,https://nuforc.org/sighting/?id=86035,19.4333,-99.1333
2011-06-21 18:00:00,Mexico City,Ciudad de México,Mexico,Disk,"I was lying on the ground looking out the window at the sky and was listening to my iPod , suddenly I started hearing static on it and",https://nuforc.org/sighting/?id=80955,19.4333,-99.1333
2011-04-20 20:00:00,Mexico City,Ciudad de México,Mexico,Unknown,Boomerang shaped UFO noticed in viral youtube video clip.  ((NUFORC Note:  Possible bird in hovering flight??  PD)),https://nuforc.org/sighting/?id=80611,19.4333,-99.1333
2009-04-10 11:00:00,Mexico City,Ciudad de México,Mexico,Sphere,The object was clearly flying over the Pyramids in Mexico City,https://nuforc.org/sighting/?id=69510,19.4333,-99.1333
2008-12-21 11:30:00,Mexico City,Ciudad de México,Mexico,Sphere,Sphere with clear halo seen in Mexico City,https://nuforc.org/sighting/?id=67555,19.4333,-99.1333
2008-01-09 22:00:00,Mexico City,Ciudad de México,Mexico,Light,SHOOTING STAR TURNS OUT TO BE SOMETHING ELSE,https://nuforc.org/sighting/?id=60700,19.4333,-99.1333
2008-01-06 02:10:00,Mexico City,Ciudad de México,Mexico,Sphere,An orange sphere traveling from east to west at an incredible speed,https://nuforc.org/sighting/?id=60644,19.4333,-99.1333
2007-10-21 04:00:00,Mexico City,Ciudad de México,Mexico,Changing,"Triangular craft sighted in Mexico City, October 2007.",https://nuforc.org/sighting/?id=58579,19.4333,-99.1333
2007-09-01 18:30:00,Mexico City,Ciudad de México,Mexico,Other,Unfamiliar vessel spotted from airplane nearing Gulf of Mexico.,https://nuforc.org/sighting/?id=57222,19.4333,-99.1333
2007-06-20 21:50:00,Mexico City,Ciudad de México,Mexico,Orb,two bright white orbs  come from northwest heading southwest no  sound.  ((NUFORC Note:  Space Shuttle w/ ISS??  PD)),https://nuforc.org/sighting/?id=57150,19.4333,-99.1333
2006-12-06 00:00:00,Mexico City,Ciudad de México,Mexico,Disk,An object in Tepeyac Temple,https://nuforc.org/sighting/?id=53471,19.4333,-99.1333
2005-05-07 21:00:00,Mexico City,Ciudad de México,Mexico,Light,Red lights in the sky.,https://nuforc.org/sighting/?id=69039,19.4333,-99.1333
2005-04-23 17:00:00,Mexico City,Ciudad de México,Mexico,Disk,Four unidentifiable objects in a photograph that I took in Mexico City.,https://nuforc.org/sighting/?id=42955,19.4333,-99.1333
2004-09-05 13:00:00,Mexico City,Ciudad de México,Mexico,Unknown,"hey did anyone see that thing on CNN about a single ufo in Mexico? I dont remember the time that it happened or even what month it was,",https://nuforc.org/sighting/?id=38537,19.4333,-99.1333
2004-07-25 22:00:00,Mexico City,Ciudad de México,Mexico,Sphere,fast moving object across bay,https://nuforc.org/sighting/?id=44439,19.4333,-99.1333
2004-07-04 22:00:00,Mexico City,Ciudad de México,Mexico,Sphere,fast moving object across bay,https://nuforc.org/sighting/?id=38945,19.4333,-99.1333
2004-05-05 00:00:00,Mexico City,Ciudad de México,Mexico,Unknown,Article in the Globe and Mail,https://nuforc.org/sighting/?id=36564,19.4333,-99.1333
2004-05-04 20:48:00,Mexico City,Ciudad de México,Mexico,Oval,"Saucer shaped object over Mexico City on May 4, 2004",https://nuforc.org/sighting/?id=36455,19.4333,-99.1333
2004-03-05 23:00:00,Mexico City,Ciudad de México,Mexico,Disk,UFO's over Mexico City,https://nuforc.org/sighting/?id=36844,19.4333,-99.1333
2004-03-05 20:25:00,Mexico City,Ciudad de México,Mexico,Light,Tue May 11 09:25pm on Video from the AP news.Check out sbcYahoo for video under this date.Mexican Air Force pilots filmed 11 unidentifi,https://nuforc.org/sighting/?id=36866,19.4333,-99.1333
2004-03-05 17:00:00,Mexico City,Ciudad de México,Mexico,Unknown,Mexico Air Force video creates UFO stir,https://nuforc.org/sighting/?id=36868,19.4333,-99.1333
2004-03-05 00:00:00,Mexico City,Ciudad de México,Mexico,Light,11 UFO's sighted in Mexican capital by airforce pilots visible only via infared cameras.,https://nuforc.org/sighting/?id=35188,19.4333,-99.1333
2004-03-05 00:00:00,Mexico City,Ciudad de México,Mexico,Unknown,UFO's over mexico,https://nuforc.org/sighting/?id=35169,19.4333,-99.1333
2003-03-21 00:23:00,Mexico City,Ciudad de México,Mexico,Triangle,ufo's at sea above the pacific ocean,https://nuforc.org/sighting/?id=26823,19.4333,-99.1333
2002-11-23 21:09:00,Mexico City,Ciudad de México,Mexico,Unknown,"Soundless flashing object crosses sky in 5 seconds, ENE to WSW",https://nuforc.org/sighting/?id=41934,19.4333,-99.1333
2002-11-15 07:30:00,Mexico City,Ciudad de México,Mexico,Egg,UFOs at Mexico City.,https://nuforc.org/sighting/?id=24841,19.4333,-99.1333
2002-05-12 17:00:00,Mexico City,Ciudad de México,Mexico,Circle,Dark circle flying opossite the wind!!,https://nuforc.org/sighting/?id=22526,19.4333,-99.1333
2000-06-15 14:00:00,Mexico City,Ciudad de México,Mexico,Sphere,static silver sphere,https://nuforc.org/sighting/?id=12815,19.4333,-99.1333
1999-04-15 02:30:00,Mexico City,Ciudad de México,Mexico,Sphere,I woke up with a sensation of dehydration and sweat and drank a glass of water feeling a need to open the windows curtain and I saw an,https://nuforc.org/sighting/?id=5555,19.4333,-99.1333
1988-06-30 23:00:00,Mexico City,Ciudad de México,Mexico,Disk,WE WERE COMMERCIAL NET FISHING SWORDFISH ABOUT 80 MILES INTO MEXICO ABOUT 120 MILES OF SHORE JUST SOUTH OF SAN DEIGO  THE NET IS A MILE,https://nuforc.org/sighting/?id=98043,19.4333,-99.1333
1984-08-15 22:30:00,Mexico City,Ciudad de México,Mexico,Light,8/15/84    22:30    intense white light with two spheres        10 minutes     Object rises over desert accompanied by two spheres .,https://nuforc.org/sighting/?id=7737,19.4333,-99.1333
2021-11-21 19:00:00,Ciudad Madero,Tamaulipas,Mexico,Unknown,cluster of about 18 lights,https://nuforc.org/sighting/?id=165524,22.25,-97.8333
2021-05-28 04:00:00,San Nicolas de los Garza,Nuevo León,Mexico,Light,"A light appearing in the sea, splitting into few lights and going in and out of the water, no sound",https://nuforc.org/sighting/?id=178537,25.75,-100.2833
2020-12-04 16:00:00,Puerto Morelos,Quintana Roo,Mexico,Sphere,saw 2 translucent/white objects moving quickly in sky,https://nuforc.org/sighting/?id=161061,20.8536,-86.8753
2020-09-30 19:25:00,Salinas Victoria,Nuevo León,Mexico,Other,"An object in the shape of a crescent moon was observed at high altitude and speed, white as moonlight, with the circular part towards t",https://nuforc.org/sighting/?id=159626,25.9667,-100.3
2016-12-25 00:15:00,Salinas Victoria,Nuevo León,Mexico,Sphere,Orange light and star-like flashes in Salinas Victoria Nuevo Leon Mexico.,https://nuforc.org/sighting/?id=131885,25.9667,-100.3
2020-04-23 21:30:00,Nuevo San Juan Parangaricutiro,Michoacán,Mexico,Other,"I saw a kind of star moving from left to the right with a tail of mini stars, it flay to the sky and disappeared. Maybe a meteorite or",https://nuforc.org/sighting/?id=155720,19.4,-102.1333
2020-02-01 00:30:00,Progreso,Yucatán,Mexico,Light,"Moving lights over Progresso, Yucatan Mexico.  Multiple whitnesses",https://nuforc.org/sighting/?id=153029,21.2828,-89.6636
2020-02-01 00:30:00,Progreso,Yucatán,Mexico,Light,"Moving lights over Progresso, Yucatan Mexico.  Multiple whitnesses",https://nuforc.org/sighting/?id=153029,32.5842,-115.5842
2010-04-19 01:30:00,Progreso,Yucatán,Mexico,Triangle,2 large spacecrafts emitting 12+ spherical objects with incredible speed and agility.,https://nuforc.org/sighting/?id=74903,21.2828,-89.6636
2010-04-19 01:30:00,Progreso,Yucatán,Mexico,Triangle,2 large spacecrafts emitting 12+ spherical objects with incredible speed and agility.,https://nuforc.org/sighting/?id=74903,32.5842,-115.5842
2010-01-08 18:45:00,Progreso,Yucatán,Mexico,Unknown,I was in the back yard next to the pool.  I live close to the ocean in a lonely place.  Sky was clear after a lot of rayni days.  I was,https://nuforc.org/sighting/?id=73955,21.2828,-89.6636
2010-01-08 18:45:00,Progreso,Yucatán,Mexico,Unknown,I was in the back yard next to the pool.  I live close to the ocean in a lonely place.  Sky was clear after a lot of rayni days.  I was,https://nuforc.org/sighting/?id=73955,32.5842,-115.5842
2001-01-01 00:01:00,Progreso,Yucatán,Mexico,Fireball,2001 New Years Sighting,https://nuforc.org/sighting/?id=16387,21.2828,-89.6636
2001-01-01 00:01:00,Progreso,Yucatán,Mexico,Fireball,2001 New Years Sighting,https://nuforc.org/sighting/?id=16387,32.5842,-115.5842
2019-08-30 22:00:00,Puerto Penasco,Sonora,Mexico,Sphere,"V-Shaped & Sphere Crafts observed in Rocky Point, Mexico",https://nuforc.org/sighting/?id=148676,31.3167,-113.5369
2019-05-26 19:30:00,Puerto Penasco,Sonora,Mexico,Light,On the beach SE of Puerto Penasco (Rocky Point).  Noticed a string of lights numbering 20+ moving.  ((NUFORC Note:  Satellites.  PD)),https://nuforc.org/sighting/?id=146389,31.3167,-113.5369
2002-03-31 21:00:00,Puerto Penasco,Sonora,Mexico,Circle,"camping on the beach looking at what we thought was a shooting star and it was falling from the sky over the ocean only it stopped, it",https://nuforc.org/sighting/?id=22716,31.3167,-113.5369
2002-03-31 21:00:00,Puerto Penasco,Sonora,Mexico,Circle,"I wrote to you about the sighting my family had over the ocean on March 31, 2002, in Puerto Penasco , Mexico  aka Rocky Point... you as",https://nuforc.org/sighting/?id=22413,31.3167,-113.5369
2002-03-13 18:30:00,Puerto Penasco,Sonora,Mexico,Light,very bright light with huge triangular vapor trail emitting from the bottom of the light source,https://nuforc.org/sighting/?id=20957,31.3167,-113.5369
2019-05-26 21:00:00,Uruapan,Michoacán,Mexico,Fireball,"Uruapan, Michoacan Mexico a Ex-Agent from the Mexican Secret Service was contactated by the local authorities to help in the investigat",https://nuforc.org/sighting/?id=146429,19.4208,-102.0628
2018-08-29 20:19:00,Ensenada,Baja California,Mexico,Light,Multi-witness sighting of multiple nearly static glowing objects in the night sky at the Pacific coastline on 08-29-2018.,https://nuforc.org/sighting/?id=142923,31.8578,-116.6058
2016-07-10 19:00:00,Ensenada,Baja California,Mexico,Orb,Flashing light then sphere comes close floats in the air at pretty close range then disappears like a dimming light 6 people there.,https://nuforc.org/sighting/?id=128496,31.8578,-116.6058
2015-07-24 23:00:00,Ensenada,Baja California,Mexico,Light,A green light or craft that hovered for about one minute and then shot straight up into the sky.  Have pictures.,https://nuforc.org/sighting/?id=120643,31.8578,-116.6058
2014-07-22 12:45:00,Ensenada,Baja California,Mexico,Flash,"First, I'd like to explain why I put ""N/A"" for number of witnesses.  My family and I were on vacation in Ensenada, Mexico.",https://nuforc.org/sighting/?id=111960,31.8578,-116.6058
2014-03-13 04:00:00,Ensenada,Baja California,Mexico,Light,"Static light over the city, it was lowering and raising its brightness intensity.  ((NUFORC Note:  Possible sighting of Venus?  PD))",https://nuforc.org/sighting/?id=107630,31.8578,-116.6058
2009-04-03 11:20:00,Ensenada,Baja California,Mexico,Circle,"Walking along some hills east of Ensenada, Mexico with friends we saw three metalic balls at the top of a hill. At first we thought the",https://nuforc.org/sighting/?id=69331,31.8578,-116.6058
2007-01-01 17:45:00,Ensenada,Baja California,Mexico,Triangle,Trianglular mute lightened craft.,https://nuforc.org/sighting/?id=54267,31.8578,-116.6058
1994-06-01 21:30:00,Ensenada,Baja California,Mexico,Light,"while scanning the stars,I was drawn to a perfect circle of stars or lights high in the sky. while exclaiming to my friend that this fo",https://nuforc.org/sighting/?id=58860,31.8578,-116.6058
1989-11-17 07:30:00,Ensenada,Baja California,Mexico,Disk,A circular shaped craft  emiting three amber rays under it slowly hovering silently over the houses of the neighborhood .,https://nuforc.org/sighting/?id=46984,31.8578,-116.6058
2018-08-27 11:00:00,Guanajuato,Guanajuato,Mexico,Diamond,"Estaba en un parque eran aproximadamente las cuatro de la mañana venia de una fiesta volteamos nos sorprendió ver una nave ,muchos dic",https://nuforc.org/sighting/?id=143012,21.0178,-101.2567
2018-01-25 18:30:00,Chilpancingo,Guerrero,Mexico,Sphere,UFO Spherical Very Bright (Semi-transparent) like a planet NO Aircraft or Naval Bases in the vicinity.,https://nuforc.org/sighting/?id=138618,17.55,-99.5
2017-11-13 05:40:00,Ixtapaluca,México,Mexico,Flash,"Después de llevar a mi hermana a tomar su transporte para ir al trabajo volví a mi casa en mi moto, posteriormente baje de ella para ab",https://nuforc.org/sighting/?id=137236,19.3186,-98.8822
2017-08-15 16:00:00,Etzatlan,Jalisco,Mexico,Rectangle,"Single glowing object observed sometime in late afternoon. As I recall, it was not moving. Took a picture. When enlarged it is rectangu",https://nuforc.org/sighting/?id=135844,20.7667,-104.1333
2016-07-27 03:33:00,Puebla,Puebla,Mexico,Other,Big objects almost rectangular.,https://nuforc.org/sighting/?id=128886,19.0333,-98.1833
1993-01-15 01:00:00,Puebla,Puebla,Mexico,Circle,After seeing this U.F.O i have become more open minded.,https://nuforc.org/sighting/?id=90192,19.0333,-98.1833
2016-01-03 03:25:00,Playa del Carmen,Quintana Roo,Mexico,Disk,Bright dish with strong lights hovering over Cozumel Island.,https://nuforc.org/sighting/?id=125110,20.6281,-87.0755
2015-03-09 21:00:00,Playa del Carmen,Quintana Roo,Mexico,Triangle,It was absolute in its deisgn and movement-purpose. My daughter and I will never forget that evening!,https://nuforc.org/sighting/?id=117876,20.6281,-87.0755
2014-03-18 19:30:00,Playa del Carmen,Quintana Roo,Mexico,Other,3 bird like crafts seen at night.,https://nuforc.org/sighting/?id=107855,20.6281,-87.0755
2011-11-24 22:00:00,Playa del Carmen,Quintana Roo,Mexico,Light,"Three sets of three red-coral neon lights in line, ""following"" one another, from mainland crossing to Cozumel island, in México",https://nuforc.org/sighting/?id=84998,20.6281,-87.0755
2008-04-09 23:30:00,Playa del Carmen,Quintana Roo,Mexico,Circle,"ufo seen in playa del carmen, mexico",https://nuforc.org/sighting/?id=77431,20.6281,-87.0755
2005-04-29 23:30:00,Playa del Carmen,Quintana Roo,Mexico,Light,Lighted UFO  following shores of Play Car towards Cancun and making tight circle,https://nuforc.org/sighting/?id=43679,20.6281,-87.0755
2015-12-20 22:00:00,Ciudad Sabinas Hidalgo,Nuevo León,Mexico,Circle,I saw a big red circle along wih my family members there had been reports of them on the news in monterrey mexico and this one was kind,https://nuforc.org/sighting/?id=129305,26.5,-100.1833
2007-11-16 19:49:00,Ciudad Sabinas Hidalgo,Nuevo León,Mexico,Other,"Object in the form of ""number 3 (3), with a faint light reddish white in each of its three ends traveling with uniform speed to the sou",https://nuforc.org/sighting/?id=119342,26.5,-100.1833
2015-07-29 13:30:00,Buena Vista Tomatlan,Michoacán,Mexico,Disk,Silver disc object over Mexican airspace,https://nuforc.org/sighting/?id=120708,19.2102,-102.5869
2015-07-02 00:30:00,Campeche,Campeche,Mexico,Fireball,4 orange stripes in the sky.,https://nuforc.org/sighting/?id=119955,19.85,-90.5306
2014-02-20 20:00:00,Queretaro,Querétaro,Mexico,Oval,"Very smooth, arched flight path.",https://nuforc.org/sighting/?id=106684,20.5875,-100.3928
2010-10-23 18:00:00,Queretaro,Querétaro,Mexico,Unknown,"published in a local diary ""diario de queretaro"", it says many people have seen UFO's in my city, The date of the newspaper is 10/25/20",https://nuforc.org/sighting/?id=76839,20.5875,-100.3928
2013-03-14 09:09:00,Guadalajara,Jalisco,Mexico,Diamond,Black Pyramidal UFO hovering over a Guadalajara Mexico,https://nuforc.org/sighting/?id=96557,20.6767,-103.3475
2008-03-08 13:45:00,Guadalajara,Jalisco,Mexico,Other,"amorphous, floating balloon-like object in the sky",https://nuforc.org/sighting/?id=61600,20.6767,-103.3475
2006-12-16 21:00:00,Guadalajara,Jalisco,Mexico,Disk,5 huge ufos along the highway make the vehicles shake,https://nuforc.org/sighting/?id=53757,20.6767,-103.3475
1998-11-15 12:00:00,Guadalajara,Jalisco,Mexico,Cylinder,empese a oir boses que me ablavan voltie asia riva y los vi unos silindricos esfericos unos que parecian cerpientes y tome varias fotos,https://nuforc.org/sighting/?id=4301,20.6767,-103.3475
1984-02-16 23:00:00,Guadalajara,Jalisco,Mexico,Formation,it happend while on a road to guadalajara jalisco mexico my 3 brothers ans sister are witnesses of seeing 5 objects flying very high in,https://nuforc.org/sighting/?id=18807,20.6767,-103.3475
2013-03-01 23:00:00,Tepic,Nayarit,Mexico,Light,Three orange lights moving and hovering in Mexico.,https://nuforc.org/sighting/?id=96250,21.5083,-104.8931
2013-02-07 10:30:00,San Carlos Yautepec,Oaxaca,Mexico,Oval,"On the beach in Mexico I saw a flat oval shaped bright shiny UFO high in the sky which hovered, turned and disappeard after 90 seconds.",https://nuforc.org/sighting/?id=95937,16.5,-96.1
2006-10-18 19:00:00,San Carlos Yautepec,Oaxaca,Mexico,Triangle,"Triangle UFO in San Carlos Mexico Oct 18,06",https://nuforc.org/sighting/?id=52127,16.5,-96.1
2012-02-09 19:50:00,Puerto Escondido,Oaxaca,Mexico,Sphere,"A sphere, changing from orange to white, passed over my home at around 7:30-7:40 tonight. There was no sound, but it was traveling at a",https://nuforc.org/sighting/?id=86885,15.8619,-97.0672
2009-01-01 00:25:00,Puerto Escondido,Oaxaca,Mexico,Sphere,Multiple Orange & Red Spheres Over Southern Mexico,https://nuforc.org/sighting/?id=67569,15.8619,-97.0672
2008-01-01 00:45:00,Puerto Escondido,Oaxaca,Mexico,Sphere,Orange shpere over southern Mexico,https://nuforc.org/sighting/?id=60452,15.8619,-97.0672
2011-09-05 04:00:00,Santiago Juxtlahuaca,Oaxaca,Mexico,Oval,flying flourescent lighted object that change directions fast.,https://nuforc.org/sighting/?id=84260,17.3333,-98.0167
2011-08-15 20:15:00,Torreon,Coahuila,Mexico,Cigar,2 cigar like objects,https://nuforc.org/sighting/?id=81872,25.5419,-103.4083
2011-03-26 09:35:00,Punta Prieta,Baja California,Mexico,Formation,Punta Mita Mexico. 8 inverted wing shape lights criss crossing each other.Appeared  like white lit birds in the dark sky,https://nuforc.org/sighting/?id=80521,28.9289,-114.1556
2011-03-09 03:00:00,San Luis Potosi,San Luis Potosí,Mexico,Other,Strange silent object hovering over my daughters bed,https://nuforc.org/sighting/?id=98709,22.1511,-100.9761
2006-01-01 11:00:00,San Luis Potosi,San Luis Potosí,Mexico,Unknown,UFO'S in san luise mexico.,https://nuforc.org/sighting/?id=49295,22.1511,-100.9761
2005-12-31 21:30:00,San Luis Potosi,San Luis Potosí,Mexico,Sphere,The red  glowing spheres in Mexico were first seen flying as a triangle and then went into a straight line.,https://nuforc.org/sighting/?id=79397,22.1511,-100.9761
2002-02-05 23:30:00,San Luis Potosi,San Luis Potosí,Mexico,Disk,"Aparecio un objeto extraño a las afueras de la ciudad, el OVNI media al rededor de 300 m de longitud era una cosa enorme y a tan larga",https://nuforc.org/sighting/?id=21655,22.1511,-100.9761
1998-09-15 21:00:00,San Luis Potosi,San Luis Potosí,Mexico,Disk,"Craft was approaching, it accelerated very fast, stopped and changed direction several times.",https://nuforc.org/sighting/?id=54416,22.1511,-100.9761
1992-09-12 23:30:00,San Luis Potosi,San Luis Potosí,Mexico,Disk,"3 luminous objects, after being suspended in space, vanished at high speed, northbound.  Seen by two witnesses.",https://nuforc.org/sighting/?id=36337,22.1511,-100.9761
2010-11-15 10:42:00,Tampico,Tamaulipas,Mexico,Disk,"UFO picture taken over the Tamesi River in Tampico, Mexico",https://nuforc.org/sighting/?id=78698,22.2553,-97.8686
1994-12-04 11:00:00,Tampico,Tamaulipas,Mexico,Formation,"flotilla de ovnis tomada en video en Diciembre de 1994 en Tampico, Tamaulipas. Mexico.",https://nuforc.org/sighting/?id=38096,22.2553,-97.8686
2010-11-02 18:50:00,Morelia,Michoacán,Mexico,Light,Strange lights in Morelia Mexico,https://nuforc.org/sighting/?id=78625,19.7683,-101.1894
2010-10-29 20:20:00,Morelia,Michoacán,Mexico,Orb,Huge blue lights over Morelia Mexico,https://nuforc.org/sighting/?id=78628,19.7683,-101.1894
2010-10-29 20:20:00,Morelia,Michoacán,Mexico,Light,"Amendment to prior form from Morelia, Mexico",https://nuforc.org/sighting/?id=78555,19.7683,-101.1894
1984-07-01 07:00:00,Morelia,Michoacán,Mexico,Sphere,Orange spheres close to homes in Mexico.,https://nuforc.org/sighting/?id=26888,19.7683,-101.1894
2010-05-07 21:45:00,San Felipe,Guanajuato,Mexico,Light,Huge Bright White Light Flash in Desert Baja Sky,https://nuforc.org/sighting/?id=77581,21.4833,-101.2167
2010-05-07 21:45:00,San Felipe,Guanajuato,Mexico,Light,Huge Bright White Light Flash in Desert Baja Sky,https://nuforc.org/sighting/?id=77581,31.0275,-114.8353
2006-04-22 00:00:00,San Felipe,Guanajuato,Mexico,Disk,We were out looking at huge saquaro catus and taking pictures. When we got home and were looking at the pictures on T.V we noticed a si,https://nuforc.org/sighting/?id=48975,21.4833,-101.2167
2006-04-22 00:00:00,San Felipe,Guanajuato,Mexico,Disk,We were out looking at huge saquaro catus and taking pictures. When we got home and were looking at the pictures on T.V we noticed a si,https://nuforc.org/sighting/?id=48975,31.0275,-114.8353
2005-07-25 21:00:00,San Felipe,Guanajuato,Mexico,Disk,UFO followed my truck.,https://nuforc.org/sighting/?id=81132,21.4833,-101.2167
2005-07-25 21:00:00,San Felipe,Guanajuato,Mexico,Disk,UFO followed my truck.,https://nuforc.org/sighting/?id=81132,31.0275,-114.8353
2002-07-17 22:00:00,San Felipe,Guanajuato,Mexico,Cylinder,there are objects in the baja area not yet identified!!!!!!!!,https://nuforc.org/sighting/?id=177021,21.4833,-101.2167
2002-07-17 22:00:00,San Felipe,Guanajuato,Mexico,Cylinder,there are objects in the baja area not yet identified!!!!!!!!,https://nuforc.org/sighting/?id=177021,31.0275,-114.8353
2001-04-25 19:00:00,San Felipe,Guanajuato,Mexico,Cylinder,"Bright light following cylindrical nose, near ground, moving linearly southward without noise or trail.",https://nuforc.org/sighting/?id=16479,21.4833,-101.2167
2001-04-25 19:00:00,San Felipe,Guanajuato,Mexico,Cylinder,"Bright light following cylindrical nose, near ground, moving linearly southward without noise or trail.",https://nuforc.org/sighting/?id=16479,31.0275,-114.8353
2000-04-27 21:00:00,San Felipe,Guanajuato,Mexico,Unknown,Something in the night sky!,https://nuforc.org/sighting/?id=36845,21.4833,-101.2167
2000-04-27 21:00:00,San Felipe,Guanajuato,Mexico,Unknown,Something in the night sky!,https://nuforc.org/sighting/?id=36845,31.0275,-114.8353
1999-06-14 22:30:00,San Felipe,Guanajuato,Mexico,Light,Two lights darting in a zig zag patern. Another flashing craft moving with other lights.,https://nuforc.org/sighting/?id=13983,21.4833,-101.2167
1999-06-14 22:30:00,San Felipe,Guanajuato,Mexico,Light,Two lights darting in a zig zag patern. Another flashing craft moving with other lights.,https://nuforc.org/sighting/?id=13983,31.0275,-114.8353
1996-03-15 03:00:00,San Felipe,Guanajuato,Mexico,Diamond,"While traveling to San Felipe for a fishing trip Three Immigration Inspectors and myself a Customs Inspector spotted a ""diamond"" to the",https://nuforc.org/sighting/?id=79917,21.4833,-101.2167
1996-03-15 03:00:00,San Felipe,Guanajuato,Mexico,Diamond,"While traveling to San Felipe for a fishing trip Three Immigration Inspectors and myself a Customs Inspector spotted a ""diamond"" to the",https://nuforc.org/sighting/?id=79917,31.0275,-114.8353
2010-01-01 19:00:00,Jilotepec,México,Mexico,Diamond,AVISTAMIENTO DE OVNI SOBRE MEXICO.,https://nuforc.org/sighting/?id=71613,19.9519,-99.5328
2010-01-01 19:00:00,Jilotepec,México,Mexico,Diamond,AVISTAMIENTO DE OVNI SOBRE MEXICO.,https://nuforc.org/sighting/?id=71613,19.6097,-96.9511
2009-08-11 20:36:00,Xalapa,Veracruz,Mexico,Other,Lighted circular craft flying over power plant in Mexico.,https://nuforc.org/sighting/?id=78630,19.54,-96.9275
2009-03-07 19:50:00,Hermosillo,Sonora,Mexico,Light,I have captured a strange light when I took a photo from the moon in N Mexico.  ((NUFORC Note:  Lens flare??  PD)),https://nuforc.org/sighting/?id=69411,29.0989,-110.9542
2006-11-18 10:30:00,Hermosillo,Sonora,Mexico,Disk,"Disc-Shaped Object seen on Hermosillo-Obregon City, Sonora, Mexico Highway",https://nuforc.org/sighting/?id=53029,29.0989,-110.9542
1997-08-23 22:00:00,Hermosillo,Sonora,Mexico,Other,"A white boomerrang spaceship decloaked (six blocks away), then like, warp speed away.(Star Trek stlye).",https://nuforc.org/sighting/?id=1976,29.0989,-110.9542
2008-12-19 22:25:00,Mexicali,Baja California,Mexico,Triangle,triangular shaped 3 lights incredible from north to south low to very high altitude aircraft event about 1 min. long.,https://nuforc.org/sighting/?id=102891,32.6633,-115.4678
2006-12-01 22:00:00,Mexicali,Baja California,Mexico,Circle,flying multicolor rotating circle very fast and akward movements once entering U.S. airspace.,https://nuforc.org/sighting/?id=54053,32.6633,-115.4678
1994-09-15 10:00:00,Mexicali,Baja California,Mexico,Oval,"I seen one objet upper the Sierra cucapah (Cucapah mountains)the form of this objet: ovoid and gold color, this objet disappears when i",https://nuforc.org/sighting/?id=51063,32.6633,-115.4678
2008-10-06 20:00:00,Cuernavaca,Morelos,Mexico,Flash,"Two star-like objects sighted in Cuernavaca, Mexico, one flashed and then both disappeared.",https://nuforc.org/sighting/?id=66036,18.9186,-99.2342
2008-08-31 17:00:00,Cuernavaca,Morelos,Mexico,Cylinder,Cane shaped object spinning slowly,https://nuforc.org/sighting/?id=65466,18.9186,-99.2342
2005-04-28 21:00:00,Cuernavaca,Morelos,Mexico,Orb,"Bright Red-Orange-White Ball of Light in Cuernavaca, Mexico",https://nuforc.org/sighting/?id=61623,18.9186,-99.2342
2002-04-20 11:00:00,Cuernavaca,Morelos,Mexico,Oval,Sighting of Motherships retrieving aproximately 50 other smaller ships.,https://nuforc.org/sighting/?id=22508,18.9186,-99.2342
2008-09-30 13:52:00,Tlaltenango de Sanchez Roman,Zacatecas,Mexico,Oval,"((HOAX))  UFO ON THE MIDDLE OF ZACATECAS, MEXICO",https://nuforc.org/sighting/?id=65488,21.7815,-103.3059
2000-12-25 00:00:00,Tlaltenango de Sanchez Roman,Zacatecas,Mexico,Light,Bright light on and off for about an hour,https://nuforc.org/sighting/?id=13226,21.7815,-103.3059
2008-02-09 14:08:00,San Martin Texmelucan de Labastida,Puebla,Mexico,Oval,"UFO over San Carlos, Sonora, Mexico.  ((NUFORC Note:  Lens flares.  PD))",https://nuforc.org/sighting/?id=61496,19.2833,-98.4333
1993-03-08 21:35:00,San Martin Texmelucan de Labastida,Puebla,Mexico,Disk,"San Antonio del Mar, Baja California 5 miles north of Rosarito Beach Monday, March 8, 1993, 9:35 p.m.

 Bright moonlit night",https://nuforc.org/sighting/?id=129350,19.2833,-98.4333
1993-03-08 19:35:00,San Martin Texmelucan de Labastida,Puebla,Mexico,Disk,Bright moonlit night with low fog on horizon No aircraft or boats off the coast of Baja California Bright lights appear at about 30 to,https://nuforc.org/sighting/?id=39904,19.2833,-98.4333
2008-01-18 20:00:00,Nuevo Laredo,Tamaulipas,Mexico,Fireball,bright ball seen in the northern sky traveling south from Nuevo Leon Mexico,https://nuforc.org/sighting/?id=66068,27.4861,-99.5069
2005-08-27 10:00:00,Nuevo Laredo,Tamaulipas,Mexico,Light,"A half hour ago, I and others have seen a very bright ""star"" moving from northest to southwest altmost on the cenit (70 to 90°)with a v",https://nuforc.org/sighting/?id=45645,27.4861,-99.5069
2004-10-11 10:00:00,Nuevo Laredo,Tamaulipas,Mexico,Light,"While I was driving I stopped at a traffic light and when I turned to wait for the green light, I saw 11 bright lights in the sky",https://nuforc.org/sighting/?id=70149,27.4861,-99.5069
2007-12-02 22:00:00,Santa Maria Huatulco,Oaxaca,Mexico,Sphere,"Huatulco ufo. Brown disc shape, flat sides. ""Windows"" showing.",https://nuforc.org/sighting/?id=59925,15.85,-96.3333
1996-04-06 02:00:00,Santa Maria Huatulco,Oaxaca,Mexico,Light,"A moving light that resembled a star but moved in a crazy, erratic fashion and then zipped away and disappeared",https://nuforc.org/sighting/?id=18398,15.85,-96.3333
2007-02-17 17:00:00,Culiacan,Sinaloa,Mexico,Unknown,Dark round hole in the clouds.,https://nuforc.org/sighting/?id=56500,24.8069,-107.3939
2006-11-16 23:00:00,Zapopan,Jalisco,Mexico,Sphere,"3 objects appear over my house, exactly over my head, I have pics.",https://nuforc.org/sighting/?id=55609,20.7167,-103.4
2006-09-02 20:00:00,Manzanillo,Colima,Mexico,Changing,"Photos taken on the coast in Manzanillo, Mexico",https://nuforc.org/sighting/?id=52261,19.0522,-104.3158
2006-08-03 22:50:00,Tecoman,Colima,Mexico,Sphere,"we seen an orange sphere that lasted for hours right above the ocean,it didnt move at all but it had a weird glow to it",https://nuforc.org/sighting/?id=51204,18.9089,-103.8747
2005-12-21 16:00:00,Durango,Durango,Mexico,Disk,I seen a four UFOs in Mexico clearly in the day time.,https://nuforc.org/sighting/?id=48007,24.025,-104.6675
2005-11-28 09:10:00,Guaymas,Sonora,Mexico,Fireball,"I was driving South on the road,Forme Hermosillo to Guaymas , the sky was blue, There was no clouds Somethinhg bright on the sky , call",https://nuforc.org/sighting/?id=47951,27.9183,-110.8933
1999-11-13 20:00:00,Guaymas,Sonora,Mexico,Orb,"small star gets bigger, bigger, explodes then smaller light left in it's place proceeds south-west at steady (satelite like)speed.",https://nuforc.org/sighting/?id=10416,27.9183,-110.8933
2005-03-10 18:34:00,La Paz,Baja California Sur,Mexico,Sphere,UFO in calm coastal Sunset sky.,https://nuforc.org/sighting/?id=48647,24.1422,-110.3108
2000-12-23 19:00:00,La Paz,Baja California Sur,Mexico,Orb,White orb of light hovering over Sierra Madre Mountains during Christmas week.,https://nuforc.org/sighting/?id=22454,24.1422,-110.3108
1996-05-01 12:00:00,La Paz,Baja California Sur,Mexico,Disk,"disc shape object shiny and abouth 20 meters in diameter hovering over agricultural fields in la moncada, gto, mexico",https://nuforc.org/sighting/?id=3323,24.1422,-110.3108
2004-11-16 17:05:00,Ojuelos de Jalisco,Jalisco,Mexico,Disk,al evisar fotografias de un paisaje tomado en la sierra de Tapalpa Jalisco descubri unos puntos negros al momento de hacer la ampliacio,https://nuforc.org/sighting/?id=40562,21.8667,-101.5833
2004-06-16 13:45:00,Malinalco,México,Mexico,Oval,"2 female friends at lunch in Malinalco, Mexico last June - saw small shiny silver oval/circular object for about 12 seconds",https://nuforc.org/sighting/?id=41237,18.9483,-99.4947
2003-12-02 20:30:00,Los Mochis,Sinaloa,Mexico,Circle,Large circular object with lights on top,https://nuforc.org/sighting/?id=32750,25.7835,-108.9937
2003-07-06 20:30:00,Los Mochis,Sinaloa,Mexico,Egg,glowing ball flying from south to north at the south end of the bay...  Bahia De Los Angeles Baja California Norte,https://nuforc.org/sighting/?id=29099,25.7835,-108.9937
2001-05-30 05:00:00,Los Mochis,Sinaloa,Mexico,Sphere,"Very bright glowing object would drop suddenly and rise again...and stay still. Looked like Venus, but moved",https://nuforc.org/sighting/?id=17366,25.7835,-108.9937
2003-10-13 12:30:00,Guasave,Sinaloa,Mexico,Changing,Change form getting energy,https://nuforc.org/sighting/?id=31454,25.5655,-108.4718
2003-09-02 22:18:00,Ajijic,Jalisco,Mexico,Sphere,"A bright red sphere with pulsating white light observed SE of Ajijic, Mexico for about 2 mins.",https://nuforc.org/sighting/?id=30642,20.3,-103.2833
2003-08-31 22:00:00,Ajijic,Jalisco,Mexico,Sphere,"We observed a red and bright white sphere for some 45 seconds, travelling rapidly in an arc from WSW to NE, below medium cloud cover.",https://nuforc.org/sighting/?id=35834,20.3,-103.2833
1998-12-05 19:00:00,Ajijic,Jalisco,Mexico,Light,"very bright pinpoint light w/ cone shape vapor trail. Observed for 5 min, looked to be at 3 to 5 k ft. pinpoint started to move and dis",https://nuforc.org/sighting/?id=15128,20.3,-103.2833
2003-05-10 13:00:00,Acambaro,Guanajuato,Mexico,Circle,Sighting of a white object flying at an impossible speed.,https://nuforc.org/sighting/?id=52152,20.0361,-100.7314
2002-09-13 19:01:00,Las Maravillas,Chiapas,Mexico,Unknown,"While reviewing pictures I had taken of the ocean view directly in front of my vacation rental, I discovered an image that was captured",https://nuforc.org/sighting/?id=24754,16.3667,-91.7333
2002-07-08 23:15:00,Chihuahua,Chihuahua,Mexico,Triangle,"Vimos una nave triangular con luz roja en cada punta del triangulo, volaba a una velocidad baja a unos 200 mts de altura, la noche esta",https://nuforc.org/sighting/?id=22944,28.6369,-106.0769
2002-04-02 20:05:00,Chihuahua,Chihuahua,Mexico,Light,"Looking at the sky,while visting my parents,we saw what we thought to be at first sight a satelite,except going at least 4 or 5 times t",https://nuforc.org/sighting/?id=22329,28.6369,-106.0769
2002-01-29 20:00:00,Chihuahua,Chihuahua,Mexico,Unknown,tres dias antes del avistamiento tuve un sueño muy bonito y que me ocasiono mucha tranquilidad en el cual veia muchas naves de un color,https://nuforc.org/sighting/?id=19027,28.6369,-106.0769
1999-06-15 13:00:00,Chihuahua,Chihuahua,Mexico,Other,"I think I saw contrails, but this day some military F-5 aircraft were passing by over the city, and I don´t know if they release a whit",https://nuforc.org/sighting/?id=12555,28.6369,-106.0769
2002-06-15 02:00:00,San Quintin,Baja California,Mexico,Other,Bright green aurora like bubble filled with an opaque ice color with bicycle wheel spokes of light meeting ta liquid metal colored disk,https://nuforc.org/sighting/?id=26107,30.4837,-115.95
2002-05-10 18:50:00,Cuauhtemoc,Chihuahua,Mexico,Oval,Un noticed,https://nuforc.org/sighting/?id=22414,28.405,-106.8667
2002-05-10 18:50:00,Cuauhtemoc,Chihuahua,Mexico,Oval,Un noticed,https://nuforc.org/sighting/?id=22414,19.3281,-103.6028
2001-05-28 12:00:00,Nueva Rosita,Coahuila,Mexico,Disk,One big silver saucer and two small saucer.  On the top of some hills out of the mines during the day 12:00pm. just for a few mintues.,https://nuforc.org/sighting/?id=17455,27.9372,-101.2172
2000-04-12 20:30:00,Mazamitla,Jalisco,Mexico,Light,Me and two other witnesses seen 3 lights in the sky on a evning walk.,https://nuforc.org/sighting/?id=180485,19.9153,-103.0208
2000-03-25 11:30:00,Isla,Veracruz,Mexico,Oval,"I photograhed my wife for a picture by the lighthouse.  When developted we noticed ""something"" that was not there before.",https://nuforc.org/sighting/?id=13301,18.0333,-95.5333
1998-12-05 19:00:00,Valle de Bravo,México,Mexico,Light,White bright light like a headlight with a cloudy proyection though heaven was clear. It suddenly disspareared leaving just the bright,https://nuforc.org/sighting/?id=20838,19.1925,-100.1306
1998-05-08 22:30:00,Tepatitlan de Morelos,Jalisco,Mexico,Light,We where on the road when we saw 2 long lights flying hirizontaly flashing alternatly. Then 2 or 3 sec. after it started decending and,https://nuforc.org/sighting/?id=31238,20.8139,-102.7639
1997-07-10 16:00:00,Tultitlan de Mariano Escobedo,México,Mexico,Triangle,vergel de la sierra mexico sightings black triangle ufo,https://nuforc.org/sighting/?id=24717,19.645,-99.1694
1997-05-15 22:00:00,Tehuacan,Puebla,Mexico,Oval,Oval object with half globe on the top and white-shiny haze around it,https://nuforc.org/sighting/?id=13565,18.4617,-97.3928
1996-03-29 15:00:00,Teotihuacan,México,Mexico,Disk,A disk-shaped flying object appeared above the Pyramid of the Sun at Teotihuacan in Mexico,https://nuforc.org/sighting/?id=173550,19.6897,-98.8608
1996-01-28 20:30:00,Aguascalientes,Aguascalientes,Mexico,Oval,"The witnesses of this sighting are my father,my brother and I, we were burning some electric cable in the ranch (San antonio de los Ped",https://nuforc.org/sighting/?id=74428,21.876,-102.296
1994-05-08 22:00:00,Apaseo el Grande,Guanajuato,Mexico,Oval,"UFO sighting and scanning sentsation in El Ajusco, Mexico",https://nuforc.org/sighting/?id=52033,20.5531,-100.6347
1991-12-01 22:00:00,Reynosa,Tamaulipas,Mexico,Formation,THEY WERE FLYING AT AT A FAST SPEED,https://nuforc.org/sighting/?id=64312,26.0922,-98.2778
1991-06-01 21:00:00,Zihuatanejo,Guerrero,Mexico,Cylinder,I looked up from a Beach called Los gatos and saw three circular disc in triangle formation shift forward and left  out of sight,https://nuforc.org/sighting/?id=56365,17.6444,-101.5511
